


INSERT INTO LoginType(loginEmail,loginPassword,isCompany)
VALUES('ugurkaya@hotmail.com','12241212',False),
	  ('mkeremhan@hotmail.com', '3151355',False),
      ('busraT@hotmail.com', '5251355',False),
      ('bekirmalik@hotmail.com','6546546',False),
	  ('damianlillard@gmail.com', '45123231',False),
      ('klaythompson@hotmail.com', '545432',False),
      ('reggiejackson@hotmail.com','54213',False),
	  ('burakyilmaz@hotmail.com', '6545431',False),
      ('ismailcipe@hotmail.com', '785634',False),
      ('alexandrucicaldau@hotmail.com','564321',False),
	  ('ibrahimtatlises@gmail.com', '54687',False),
      ('karlanthonytowns@hotmail.com', '231354',False),
      ('bezginmete@hotmail.com','321354',False),
	  ('maviteletabi@hotmail.com', '5453872',False),
      ('Ldimitrescu@hotmail.com', '5452318',False),
      ('Heisenberg@hotmail.com','56412354',False),
	  ('dancingbanana@hotmail.com', '654531',False),
      ('literallyahand@hotmail.com', '321354',False),
      ('theboys@hotmail.com','315621',False),
	  ('tatarusanu@hotmail.com', '23156341',False),
      ('brodixon@gmail.com', '4545645',False),
      ('lichking@hotmail.com','2312345',False),
	  ('neomatrix@hotmail.com', 'das32d1a',False),
      ('assassinboyz@hotmail.com', '45dsad6',False),
      ('tatumjayson@hotmail.com','564dsad',False),
	  ('mariobros@hotmail.com', 'asd4132',False),
      ('cjmccolum@hotmail.com', 'as54d',False),
      ('tusinabbasi@hotmail.com','qwe132',False),
	  ('goldlion@hotmail.com', 'ewq2322',False),
      ('thewitcher@hotmail.com', 'eqw789',False),
      ('darkinaatrox@gmail.com','12d3as',False),
	  ('mehmetkarahanli@hotmail.com', '23eqw1',False),
	  ('vledaputin@hotmail.com', '13e2qw',False),
      ('squidgamer@hotmail.com', '1564qwe',False),
      ('kaanozturk@hotmail.com','13332',False),
	  ('berkercerker@hotmail.com', 'adadada',False),
      ('childetartaglia@hotmail.com', '3535hehe35',False),
      ('sinanengin@gmail.com','sinanengin',False),
	  ('onurcansh@gmail.com', '34346734',False),
      ('romanoffnatasha@gmail.com', '323232put',False),
      ('riotgames@hotmail.com','222111adsc',True),
	  ('NBAFaculties@hotmail.com', '313434',True),
      ('twitchHQ@hotmail.com', '545654asd',True),
      ('RedbullEnterprises@hotmail.com','2135sa',True),
	  ('WWEEnterprises@gmail.com', '12d3asdunder',True),
      ('KulturIstanbul@hotmail.com', '123asd2',True),
      ('RockNCoke@hotmail.com','564dasasd',True),
	  ('PSMLovesSummer@gmail.com', '123das1d',True),
      ('TurkiyeTiyatrolar@hotmail.com', '12das3d',True),
      ('FikralarlaTurkiye@hotmail.com','3dasd4',True); ;
      

INSERT INTO User(email,username,isBanned,isAdminstrator)
VALUES('ugurkaya@hotmail.com','UurK',False,False),
	  ('mkeremhan@hotmail.com','MKeremH',False,False),
      ('busraT@hotmail.com','BusraNT',False,False),
      ('bekirmalik@hotmail.com','BekirM',False,False),
	  ('damianlillard@gmail.com','DameTime',False,False),
      ('klaythompson@hotmail.com','SplashBro',False,False),
      ('reggiejackson@hotmail.com','ScarryR',False,False),
	  ('burakyilmaz@hotmail.com','BurakKing',False,False),
      ('ismailcipe@hotmail.com','Nargileci50',False,False),
      ('alexandrucicaldau@hotmail.com','Cica',False,False),
	  ('ibrahimtatlises@gmail.com','IboT',False,False),
      ('karlanthonytowns@hotmail.com','KAT',False,False),
      ('bezginmete@hotmail.com','BezginM',False,False),
	  ('maviteletabi@hotmail.com','BTeletubby',False,False),
      ('Ldimitrescu@hotmail.com','CountessA',False,False),
      ('Heisenberg@hotmail.com','Heisenberg',False,False),
	  ('dancingbanana@hotmail.com','DancingB',False,False),
      ('literallyahand@hotmail.com','LHand',False,False),
      ('theboys@hotmail.com','Billy',False,False),
	  ('tatarusanu@hotmail.com','GKRaast',False,False),
      ('brodixon@gmail.com','DixonDaryl',False,False),
      ('lichking@hotmail.com','TheLichKing',False,False),
	  ('neomatrix@hotmail.com','JohnWick',False,False),
      ('assassinboyz@hotmail.com','GrandAssassin',False,False),
      ('tatumjayson@hotmail.com','TheJayy',False,False),
	  ('mariobros@hotmail.com','SuperMario',False,False),
      ('cjmccolum@hotmail.com','theCJ', False,False),
      ('tusinabbasi@hotmail.com','TusinA',False,False),
	  ('goldlion@hotmail.com','TheLannister',False,False),
      ('thewitcher@hotmail.com','GeraltOfRivia',False,False),
      ('darkinaatrox@gmail.com','WorldEnder',False,False),
	  ('mehmetkarahanli@hotmail.com','Baron',False,False),
	  ('vledaputin@hotmail.com','VledaP',False,False),
      ('squidgamer@hotmail.com','RedHair',False,False),
      ('kaanozturk@hotmail.com','KaanOz',False,False),
	  ('berkercerker@hotmail.com','CerkerBerker',False,True),
      ('childetartaglia@hotmail.com','EleventhHarbinger',False,True),
      ('sinanengin@gmail.com','sinanengin',False,True),
	  ('onurcansh@gmail.com','ocsh' ,True,False),
      ('romanoffnatasha@gmail.com','BlackWidow',True,False);
      


INSERT INTO Company(CompanyEmail,ApprovedCompany,CompanyName,CompanyAdress,CompanyPhone)
VALUES('riotgames@hotmail.com',True,'Riot Games','Merdivenkoy Kadikoy Istanbul','05553450019'),
      ('NBAFaculties@hotmail.com',True,'NBA','Çekmekoy Tasdelen Istanbul','05652153211'),
      ('twitchHQ@hotmail.com',True,'Twitch','Sile Istanbul','05543450432'),
      ('RedbullEnterprises@hotmail.com',True,'Redbull','Uskudar Unalan Mahallesi Libadiye Caddesi Istanbul','05423455012'),
      ('WWEEnterprises@gmail.com',True,'WWE','Cekmekoy Madenler Istanbul','05333452212'),
      ('KulturIstanbul@hotmail.com',True,'Kultur Istanbul','Zeytinburnu Istanbul','05143566019'),
      ('RockNCoke@hotmail.com',True,'Rock n Coke','Taksim Istanbul','05453450077'),
      ('PSMLovesSummer@gmail.com',True,'PSMLovesSummer','Kadikoy Istanbul','05533351910'),
      ('TurkiyeTiyatrolar@hotmail.com',True,'Turkiye Tiyatro Dernegi','Etimesgut Ankara','05543557615'),
      ('FikralarlaTurkiye@hotmail.com',True,'Tiyatro Trabzon','Akcaabat Trabzon','05526450044');
      


INSERT INTO Event(idEvent,VipAvailability,SeatAvailability,ECompanyEmail,EventName,EventDate,EventDescription,EventLocation,EventNoLongerPurchasable,EventCapacity)
VALUES(123124,False,True,'riotgames@hotmail.com','TBF Final','2021-12-24','TBF Finalinde Takimlar kozlarini paylasiyor!Galatasaray Esports ve NASR Esports Karsi karsiya! Simdi biletlerini alin','Barbaros, 34746 Atasehir/İstanbul',False,200);

INSERT INTO Event(idEvent,VipAvailability,SeatAvailability,ECompanyEmail,EventName,EventDate,EventDescription,EventLocation,EventNoLongerPurchasable,EventCapacity)
VALUES(125124,True,True,'NBAFaculties@hotmail.com','NBA Istanbul"da!','2022-01-21','NBA Gosteri maci Istanbulda sahne aliyor! Houston Rockets ve Brooklyn Nets karsi karsiya, hem de Istanbulda!','Kazlıcesme, 34020 Zeytinburnu/İstanbul',False,20000),
      (146124,True,True,'NBAFaculties@hotmail.com','NBA Istanbul"da!','2021-01-23','NBA Gosteri maci Istanbulda sahne aliyor! Minnesota Timberwolves ve Los Angeles Lakers karsi karsiya, hem de Istanbulda','Kazlicesme, 34020 Zeytinburnu/Istanbul',False,20000);

INSERT INTO Event(idEvent,VipAvailability,SeatAvailability,ECompanyEmail,EventName,EventDate,EventDescription,EventLocation,EventNoLongerPurchasable,EventCapacity)
VALUES(154124,False,True,'twitchHQ@hotmail.com','Streamer Bulusmasi','2022-01-05','Favori streameriniz ile bu bulusmada tanisma firsati edinin!','Cumhuriyet Mahallesi, Hadımköy Yolu 9/1, 34500 Büyükcekmece/Esenyurt/Istanbul',False,500);

INSERT INTO Event(idEvent,VipAvailability,SeatAvailability,ECompanyEmail,EventName,EventDate,EventDescription,EventLocation,EventNoLongerPurchasable,EventCapacity)
VALUES(147124,True,True,'RedbullEnterprises@hotmail.com','Gosteri Yarisi','2021-02-19','Dunyanın en iyi pilotları Istanbul Parkta gosteri yarisinda kozlarini paylasiyor! Hemen biletlerinizi alın!','Akfirat, Gocbeyli Bv No:1, 34959 Tuzla/Istanbul',False,30000),
      (134124,False,False,'RedbullEnterprises@hotmail.com','Drone Yarisi Turnuvasi','2022-05-15','Drone Yarisi tüm hiziyla devam ediyor! Redbull sponsorluğunda heyecana ortak ol!','Ortamahalle Topkapi Maltepe Caddesi Canayakin Sitesi A blok No 6 34040 Bayrampaşa / Istanbul',False,1000);

INSERT INTO Event(idEvent,VipAvailability,SeatAvailability,ECompanyEmail,EventName,EventDate,EventDescription,EventLocation,EventNoLongerPurchasable,EventCapacity)
VALUES(111124,True,True,'WWEEnterprises@gmail.com','WWE Turkiye Undertaker vs Rey Mysterio','2022-03-04','Guresin super yildizlari karsi karsiya! Sen de bu muhtesem karsilasmaya ortak ol!','Maltepe Orhangazi Sehir Parki',False,1500);

INSERT INTO Event(idEvent,VipAvailability,SeatAvailability,ECompanyEmail,EventName,EventDate,EventDescription,EventLocation,EventNoLongerPurchasable,EventCapacity)
VALUES(166124,False,True,'KulturIstanbul@hotmail.com','Delibo Tiyatro','2021-12-28','Kaybolmus bir gencliğin hikayesini anlatan Delibo isimli oyun simdi sahnelerde.','Ataköy 7-8-9-10, E5 Karayolu Üzeri Atakoy Yerleskesi, 34158 Bakirkoy',False,250),
      (177124,False,True,'KulturIstanbul@hotmail.com','Romeo ve Juliet','2021-01-05','Klasik ve unutulmaz tiyatro simdi Istanbul Kultur sahnelerinde!','Ataköy 7-8-9-10, E5 Karayolu Uzeri Ataköy Yerleşkesi, 34158 Bakırkoy',False,250),
      (108124,False,True,'KulturIstanbul@hotmail.com','Rapunzel ve Beyazatli Prens','2021-12-29','Cocuklariniz icin masallar alemine bir kesif! Klasik masal simdi Istanbul Kultur sahnelerinde!','Atakoy 7-8-9-10, E5 Karayolu Uzeri Atakoy Yerleskesi, 34158 Bakırkoy',False,250);

INSERT INTO Event(idEvent,VipAvailability,SeatAvailability,ECompanyEmail,EventName,EventDate,EventDescription,EventLocation,EventNoLongerPurchasable,EventCapacity)
VALUES(199124,False,False,'RockNCoke@hotmail.com','Metallica','2021-06-12','Efsanevi grup Metallica tekrar Istanbulda! Tukenmeden hemen biletlerinizi Biletbiz"den kapin!','Aydinevler Siteler Yolu No:28. Kat:3 Hilltown AVM Kucukyali / Istanbul',True,15000),
      (120124,False,False,'RockNCoke@hotmail.com','Orden Ogan','2021-07-22','Alman power metal grubu Orden Ogan Istanbulda! Hemen biletlerinizi Biletbiz"den kapin!','Aydinevler Siteler Yolu No:28. Kat:3 Hilltown AVM Kucukyali / Istanbul',False,15000);

INSERT INTO Event(idEvent,VipAvailability,SeatAvailability,ECompanyEmail,EventName,EventDate,EventDescription,EventLocation,EventNoLongerPurchasable,EventCapacity)
VALUES(156150,False,True,'PSMLovesSummer@gmail.com','Arctic Monkeys','2022-05-03','Arctic Monkeys Turkiye"de! Tukenmeden biletlerinizi kapin!','Zorlu Center, Levazım Mah. Koru Sok. No:2/PSM/70 Zincirlikuyu, Besiktas / Istanbul',True,2200),
      (123020,False,True,'PSMLovesSummer@gmail.com','Ebru Gundes Konseri','2021-04-27','Ebru Gundes! Basarili sarkici sahnede biletler Biletbiz"de!','Istanbul Buyuksehir Belediyesi Harbiye Cemil Topuzlu Acikhava Tiyatrosu',False,3900);

INSERT INTO Event(idEvent,VipAvailability,SeatAvailability,ECompanyEmail,EventName,EventDate,EventDescription,EventLocation,EventNoLongerPurchasable,EventCapacity)
VALUES(144001,False,True,'TurkiyeTiyatrolar@hotmail.com','Midas"in Altinlari','2022-02-01','Kariyerinde en üst noktaya gelmiş bir adamın bitmek bilmeyen tutkuları onu bir seçim yapmaya zorlanan bir adamin hikayesi.','Plevne Mah. Babur Cad. No:40 Altindağ / Ankara',False,150),
      (149039,False,True,'TurkiyeTiyatrolar@hotmail.com','Bir Baba Hamlet','2022-01-17','"Bir Baba Hamlet", tiyatro yapma askının basdondurucu guzelligi ile aptallastırıcı buyusune ayna tutuyor.','Caferaga Mah. Bahariye Cad. Sakizgulu Sok.No 31/37 Kadikoy/Istanbul',False,100);

INSERT INTO Event(idEvent,VipAvailability,SeatAvailability,ECompanyEmail,EventName,EventDate,EventDescription,EventLocation,EventNoLongerPurchasable,EventCapacity)
VALUES(190137,False,True,'FikralarlaTurkiye@hotmail.com','Medyum','2022-01-03','Keyifli bir cinayet gizemi macerası. Bir cok komik supheli, beklenmedik kivrimlar ve donusler… Şimdi biletlerini alın!','Gulbaharhatun, Senol Gunes Cd. No:17, 61040 Trabzon Merkez/Trabzon',False,220);



INSERT INTO Ticket(TicketID,TicketPrice,seat,TUserEmail,idEventID)

-- 1 --
VALUES(031523,80,52,'ugurkaya@hotmail.com',123124),
(351351,80,152,'damianlillard@gmail.com',123124),
(413445,80,252,'klaythompson@hotmail.com',123124),
(534152,80,53,'reggiejackson@hotmail.com',123124),
(134134,80,54,'alexandrucicaldau@hotmail.com',123124),
(351531,80,55,'karlanthonytowns@hotmail.com',123124),
(351513,80,56,'tatumjayson@hotmail.com',123124),
(123120,80,151,'darkinaatrox@gmail.com',123124),
(123121,80,150,'mehmetkarahanli@hotmail.com',123124),

-- 2 --

(789321,150,54,'alexandrucicaldau@hotmail.com',125124),
(789879,150,56,'tatumjayson@hotmail.com',125124),
(200100,150,253,'damianlillard@gmail.com',125124),
(300044,150,353,'klaythompson@hotmail.com',125124),
(462100,150,12,'reggiejackson@hotmail.com',125124),
(440008,150,14,'tatumjayson@hotmail.com',125124),
(790050,150,59,'karlanthonytowns@hotmail.com',125124),


-- 3 --

(103123,150,253,'damianlillard@gmail.com',146124),
(169123,150,353,'klaythompson@hotmail.com',146124),
(131131,150,12,'reggiejackson@hotmail.com',146124),
(100126,150,13,'alexandrucicaldau@hotmail.com',146124),
(123008,150,14,'tatumjayson@hotmail.com',146124),
(531453,150,59,'karlanthonytowns@hotmail.com',146124),
(600100,150,8,'literallyahand@hotmail.com',125124),
(475400,150,9,'thewitcher@hotmail.com',125124),

-- 4 --

(148023,50,5,'mkeremhan@hotmail.com',154124),
(163189,50,6,'busraT@hotmail.com',154124),
(783123,50,7,'bekirmalik@hotmail.com',154124),
(103100,50,8,'literallyahand@hotmail.com',154124),
(175600,50,9,'thewitcher@hotmail.com',154124),
(172423,50,10,'cjmccolum@hotmail.com',154124),
(177992,50,11,'goldlion@hotmail.com',154124),
(199990,50,12,'dancingbanana@hotmail.com',154124),


-- 5 --

(146793,250,25,'ugurkaya@hotmail.com',147124),
(174733,250,27,'Ldimitrescu@hotmail.com',147124),
(176443,250,28,'reggiejackson@hotmail.com',147124),
(163723,250,29,'ibrahimtatlises@gmail.com',147124),
(140003,250,35,'burakyilmaz@hotmail.com',147124),
(100003,250,42,'tatarusanu@hotmail.com',147124),
(147620,250,43,'bekirmalik@hotmail.com',147124),
(177900,250,45,'mkeremhan@hotmail.com',147124),


-- 6 --


(456723,40,null,'neomatrix@hotmail.com',134124),
(432023,40,null,'kaanozturk@hotmail.com',134124),
(702123,40,null,'ismailcipe@hotmail.com',134124),
(333567,40,null,'damianlillard@gmail.com',134124),


-- 7 --

(173123,280,14,'maviteletabi@hotmail.com',111124),
(183123,280,12,'reggiejackson@hotmail.com',111124),
(193123,280,18,'Ldimitrescu@hotmail.com',111124),
(103124,280,20,'tusinabbasi@hotmail.com',111124),


-- 8 --

(179929,40,21,'vledaputin@hotmail.com',166124),
(123877,40,22,'tusinabbasi@hotmail.com',166124),
(103890,40,25,'bekirmalik@hotmail.com',166124),


-- 9 --

(101111,50,30,'reggiejackson@hotmail.com',177124),
(122222,50,35,'tatarusanu@hotmail.com',177124),
(144443,50,60,'Ldimitrescu@hotmail.com',177124),
(166663,50,70,'maviteletabi@hotmail.com',177124),


-- 10 --

(903300,20,20,'Heisenberg@hotmail.com',108124),
(220011,20,22,'darkinaatrox@gmail.com',108124),
(550060,20,23,'lichking@hotmail.com',108124),




-- 11 --

(199993,480,null,'literallyahand@hotmail.com',199124),
(313165,480,null,'ugurkaya@hotmail.com',199124),
(071445,480,null,'thewitcher@hotmail.com',199124),
(895310,480,null,'dancingbanana@hotmail.com',199124),
(531531,480,null,'brodixon@gmail.com',199124),
(761235,480,null,'Heisenberg@hotmail.com',199124),
(642510,480,null,'darkinaatrox@gmail.com',199124),
(812385,480,null,'lichking@hotmail.com',199124),


-- 12 --


(778877,180,null,'ugurkaya@hotmail.com',120124),
(999990,180,null,'Ldimitrescu@hotmail.com',120124),
(223366,180,null,'darkinaatrox@gmail.com',120124),
(755555,180,null,'lichking@hotmail.com',120124),
(100405,180,null,'thewitcher@hotmail.com',120124),



-- 13 --


(000315,380,25,'tusinabbasi@hotmail.com',156150),
(631405,380,27,'ugurkaya@hotmail.com',156150),
(053156,380,35,'maviteletabi@hotmail.com',156150),




-- 14 --


(631413,150,60,'tatarusanu@hotmail.com',123020),
(783241,150,65,'dancingbanana@hotmail.com',123020),
(503156,150,66,'Heisenberg@hotmail.com',123020),
(356931,150,67,'Ldimitrescu@hotmail.com',123020),
(359130,150,68,'klaythompson@hotmail.com',123020),



-- 15 --

(603143,35,70,'busraT@hotmail.com',144001),
(503157,35,3,'tusinabbasi@hotmail.com',144001),
(141561,35,25,'burakyilmaz@hotmail.com',144001),
(531590,35,22,'brodixon@gmail.com',144001),
(503151,35,15,'tatarusanu@hotmail.com',144001),
(501351,35,17,'mkeremhan@hotmail.com',144001),
(762135,35,16,'literallyahand@hotmail.com',144001),
(012431,35,35,'cjmccolum@hotmail.com',144001),


-- 16 --

(012934,50,18,'karlanthonytowns@hotmail.com',149039),
(604521,50,21,'goldlion@hotmail.com',149039),
(315130,50,24,'tusinabbasi@hotmail.com',149039),
(043412,50,35,'thewitcher@hotmail.com',149039),
(051356,50,40,'alexandrucicaldau@hotmail.com',149039),
(053150,50,41,'vledaputin@hotmail.com',149039),
(100000,50,42,'bezginmete@hotmail.com',149039),
(200000,50,43,'mehmetkarahanli@hotmail.com',149039),
(760234,50,45,'squidgamer@hotmail.com',149039),
(064060,50,51,'mariobros@hotmail.com',149039),


-- 17 --

(070510,20,50,'tatarusanu@hotmail.com',190137),
(108030,20,16,'cjmccolum@hotmail.com',190137),
(180700,20,12,'karlanthonytowns@hotmail.com',190137);



INSERT INTO Receipt(ReceiptID,ReceiptDate,ReceiptPayment,PurchaserEmail,ReceiptTicketID,ReceiptTicketPrice,AmountOfTicketsPurchased)

      -- 1 --

VALUES(32163544,'2021-12-20',80,'ugurkaya@hotmail.com',031523,80,1),
	  (67163544,'2021-12-18',80,'damianlillard@gmail.com',351351,80,1),
      (42163544,'2021-11-24',80,'klaythompson@hotmail.com',413445,80,1),
      (37900544,'2021-12-20',80,'reggiejackson@hotmail.com',534152,80,1),
      (10093544,'2021-12-22',80,'alexandrucicaldau@hotmail.com',134134,80,1),
      (78960544,'2021-12-21',80,'karlanthonytowns@hotmail.com',351531,80,1),
      (46173744,'2021-11-29',80,'tatumjayson@hotmail.com',351513,80,1),
      (12888544,'2021-12-20',80,'darkinaatrox@gmail.com',123120,80,1),
	  (40046654,'2021-12-19',80,'mehmetkarahanli@hotmail.com',123121,80,1);
      

      
      -- 2 --
   INSERT INTO Receipt(ReceiptID,ReceiptDate,ReceiptPayment,PurchaserEmail,ReceiptTicketID,ReceiptTicketPrice,AmountOfTicketsPurchased)
VALUES(52346654,'2022-01-19',150,'damianlillard@gmail.com',200100,150,1),
	(50446654,'2022-01-15',150,'klaythompson@hotmail.com',300044,150,1),
	(56746654,'2022-01-18',150,'reggiejackson@hotmail.com',462100,150,1),
	(60047894,'2022-01-17',150,'alexandrucicaldau@hotmail.com',440008,150,1),
	(50946659,'2022-01-16',150,'tatumjayson@hotmail.com',789879,'150',1),
	(79996654,'2022-01-15',150,'karlanthonytowns@hotmail.com',790050,150,1);
      
      

      -- 3 --
    INSERT INTO Receipt(ReceiptID,ReceiptDate,ReceiptPayment,PurchaserEmail,ReceiptTicketID,ReceiptTicketPrice,AmountOfTicketsPurchased)

VALUES(10000654,'2021-01-15',150,'damianlillard@gmail.com',103123,150,1),
	(20796654,'2021-01-16',150,'klaythompson@hotmail.com',169123,150,1),
	(65554004,'2021-01-17',150,'reggiejackson@hotmail.com',131131,150,1),
	(30040064,'2021-01-18',150,'alexandrucicaldau@hotmail.com',100126,150,1),
	(21130454,'2021-01-19',150,'tatumjayson@hotmail.com',123008,150,1),
	(45307694,'2021-01-21',150,'karlanthonytowns@hotmail.com',531453,150,1),
	(40235664,'2021-01-20',150,'literallyahand@hotmail.com',600100,150,1),
	(40094664,'2021-01-20',150,'thewitcher@hotmail.com',475400,150,1);
      
      
      -- 4 --
     INSERT INTO Receipt(ReceiptID,ReceiptDate,ReceiptPayment,PurchaserEmail,ReceiptTicketID,ReceiptTicketPrice,AmountOfTicketsPurchased)

VALUES(53157122,'2021-12-17',50,'mkeremhan@hotmail.com',148023,50,1),
	(76413200,'2021-12-20',50,'busraT@hotmail.com',163189,50,1),
	(51237326,'2021-12-17',50,'bekirmalik@hotmail.com',783123,50,1),
	(55523123,'2021-12-21',50,'literallyahand@hotmail.com',103100,50,1),
	(77314653,'2021-12-22',50,'thewitcher@hotmail.com',175600,50,1),
	(12312466,'2021-01-01',50,'cjmccolum@hotmail.com',172423,50,1),
	(12365633,'2021-01-02',50,'goldlion@hotmail.com',177992,50,1),
	(74216664,'2021-01-03',50,'dancingbanana@hotmail.com',199990,50,1);
      

	-- 5 --
    INSERT INTO Receipt(ReceiptID,ReceiptDate,ReceiptPayment,PurchaserEmail,ReceiptTicketID,ReceiptTicketPrice,AmountOfTicketsPurchased)

VALUES(60421300,'2021-12-25',250,'ugurkaya@hotmail.com',146793,250,1),
	(70640502,'2021-12-27',250,'Ldimitrescu@hotmail.com',174733,250,1),
	(70315859,'2021-01-20',250,'reggiejackson@hotmail.com',176443,250,1),
	(12900065,'2021-01-22',250,'ibrahimtatlises@gmail.com',163723,250,1),
	(53106032,'2021-01-25',250,'burakyilmaz@hotmail.com',140003,250,1),
	(15315000,'2021-02-03',250,'tatarusanu@hotmail.com',100003,250,1),
	(35050535,'2021-02-04',250,'bekirmalik@hotmail.com',147620,250,1),
	(63141032,'2021-02-15',250,'mkeremhan@hotmail.com',177900,250,1);
      
      -- 6 --
   INSERT INTO Receipt(ReceiptID,ReceiptDate,ReceiptPayment,PurchaserEmail,ReceiptTicketID,ReceiptTicketPrice,AmountOfTicketsPurchased)

VALUES(73510053,'2022-03-12',40,'neomatrix@hotmail.com',456723,40,1),
	(30550123,'2022-03-15',40,'kaanozturk@hotmail.com',432023,40,1),
	(54305100,'2022-04-26',40,'ismailcipe@hotmail.com',702123,40,1),
	(76102304,'2022-04-27',40,'damianlillard@gmail.com',333567,40,1);
      
      -- 7 --
    INSERT INTO Receipt(ReceiptID,ReceiptDate,ReceiptPayment,PurchaserEmail,ReceiptTicketID,ReceiptTicketPrice,AmountOfTicketsPurchased)

VALUES(00531003,'2022-02-20',280,'maviteletabi@hotmail.com',173123,280,1),
	(60450301,'2022-02-22',280,'reggiejackson@hotmail.com',183123,280,1),
	(53315001,'2022-03-01',280,'Ldimitrescu@hotmail.com',193123,280,1),
	(53315002,'2022-03-01',280,'tusinabbasi@hotmail.com',103124,280,1);
      
     -- 8 --
 INSERT INTO Receipt(ReceiptID,ReceiptDate,ReceiptPayment,PurchaserEmail,ReceiptTicketID,ReceiptTicketPrice,AmountOfTicketsPurchased)

VALUES(59310595,'2021-12-20',40,'vledaputin@hotmail.com',179929,40,1),
	(53151362,'2021-12-20',40,'tusinabbasi@hotmail.com',123877,40,1),
	(51367721,'2021-12-22',40,'bekirmalik@hotmail.com',103890,40,1);


	-- 9 --
   INSERT INTO Receipt(ReceiptID,ReceiptDate,ReceiptPayment,PurchaserEmail,ReceiptTicketID,ReceiptTicketPrice,AmountOfTicketsPurchased)

VALUES(63123500,'2021-01-03',50,'reggiejackson@hotmail.com',101111,50,1),
	(54200042,'2021-01-02',50,'tatarusanu@hotmail.com',122222,50,1),
	(57502102,'2021-01-01',50,'Ldimitrescu@hotmail.com',144443,50,1),
	(58921999,'2021-01-01',50,'maviteletabi@hotmail.com',166663,50,1);

   -- 10 --
 INSERT INTO Receipt(ReceiptID,ReceiptDate,ReceiptPayment,PurchaserEmail,ReceiptTicketID,ReceiptTicketPrice,AmountOfTicketsPurchased)

VALUES(50310500,'2021-12-05',20,'Heisenberg@hotmail.com',903300,20,1),
    (92000032,'2021-12-10',20,'darkinaatrox@gmail.com',220011,20,1),
    (97011110,'2021-12-13',20,'lichking@hotmail.com',550060,20,1);



   -- 11 --
  INSERT INTO Receipt(ReceiptID,ReceiptDate,ReceiptPayment,PurchaserEmail,ReceiptTicketID,ReceiptTicketPrice,AmountOfTicketsPurchased)

VALUES(75444420,'2021-05-07',480,'literallyahand@hotmail.com',199993,480,1),
   (40350310,'2021-05-16',480,'ugurkaya@hotmail.com',313165,480,1),
   (24321125,'2021-05-20',480,'thewitcher@hotmail.com',071445,480,1),
   (20520520,'2021-05-25',480,'dancingbanana@hotmail.com',895310,480,1),
   (23254125,'2021-06-02',480,'brodixon@gmail.com',531531,480,1),
   (21312051,'2021-06-01',480,'Heisenberg@hotmail.com',761235,480,1),
   (53105130,'2021-06-03',480,'darkinaatrox@gmail.com',642510,480,1),
   (70512051,'2021-06-03',480,'lichking@hotmail.com',812385,480,1);
  
  
  -- 12 --
INSERT INTO Receipt(ReceiptID,ReceiptDate,ReceiptPayment,PurchaserEmail,ReceiptTicketID,ReceiptTicketPrice,AmountOfTicketsPurchased)

VALUES(75100420,'2021-06-12',180,'ugurkaya@hotmail.com',778877,180,1),
  (65120420,'2021-06-22',180,'Ldimitrescu@hotmail.com',999990,180,1),
  (55200210,'2021-06-25',180,'darkinaatrox@gmail.com',223366,180,1),
  (54050420,'2021-07-11',180,'lichking@hotmail.com',755555,180,1),
  (65120321,'2021-07-13',180,'thewitcher@hotmail.com',100405,180,1);
  
  -- 13 --
 INSERT INTO Receipt(ReceiptID,ReceiptDate,ReceiptPayment,PurchaserEmail,ReceiptTicketID,ReceiptTicketPrice,AmountOfTicketsPurchased)

VALUES(45310204,'2022-04-09',380,'tusinabbasi@hotmail.com',000315,380,1),
  (47056031,'2022-05-01',380,'ugurkaya@hotmail.com',631405,380,1),
  (45060606,'2022-05-02',380,'maviteletabi@hotmail.com',053156,380,1);


  -- 14 --
 INSERT INTO Receipt(ReceiptID,ReceiptDate,ReceiptPayment,PurchaserEmail,ReceiptTicketID,ReceiptTicketPrice,AmountOfTicketsPurchased)

VALUES(13251300,'2021-06-12',150,'tatarusanu@hotmail.com',631413,150,1),
 (15105123,'2021-06-12',150,'dancingbanana@hotmail.com',783241,150,1),
 (63140053,'2021-06-12',150,'Heisenberg@hotmail.com',503156,150,1),
 (76311005,'2021-06-12',150,'Ldimitrescu@hotmail.com',356931,150,1),
 (95210200,'2021-06-12',150,'klaythompson@hotmail.com',359130,150,1);
 
 
 -- 15 --
INSERT INTO Receipt(ReceiptID,ReceiptDate,ReceiptPayment,PurchaserEmail,ReceiptTicketID,ReceiptTicketPrice,AmountOfTicketsPurchased)

VALUES(03140052,'2022-01-05',35,'busraT@hotmail.com',603143,35,1),
 (06400021,'2022-01-06',35,'tusinabbasi@hotmail.com',503157,35,1),
 (51300500,'2022-01-06',35,'burakyilmaz@hotmail.com',141561,35,1),
 (05130512,'2022-01-06',35,'brodixon@gmail.com',531590,35,1),
 (64515100,'2022-01-15',35,'tatarusanu@hotmail.com',503151,35,1),
 (05305301,'2022-01-17',35,'mkeremhan@hotmail.com',501351,35,1),
 (00005135,'2022-01-18',35,'literallyahand@hotmail.com',762135,35,1),
 (05130513,'2022-01-19',35,'cjmccolum@hotmail.com',012431,35,1);


-- 16 --

INSERT INTO Receipt(ReceiptID,ReceiptDate,ReceiptPayment,PurchaserEmail,ReceiptTicketID,ReceiptTicketPrice,AmountOfTicketsPurchased)

VALUES(60310610,'2021-01-05',50,'karlanthonytowns@hotmail.com',012934,50,1),
(66666666,'2021-01-05',50,'goldlion@hotmail.com',604521,50,1),
(99999999,'2021-01-06',50,'tusinabbasi@hotmail.com',315130,50,1),
(00000100,'2021-01-06',50,'thewitcher@hotmail.com',043412,50,1),
(06000601,'2021-01-07',50,'alexandrucicaldau@hotmail.com',051356,50,1),
(00531005,'2021-01-07',50,'vledaputin@hotmail.com',053150,50,1),
(70401020,'2021-01-12',50,'bezginmete@hotmail.com',100000,50,1),
(42002205,'2021-01-13',50,'mehmetkarahanli@hotmail.com',200000,50,1),
(53015100,'2021-01-13',50,'squidgamer@hotmail.com',760234,50,1),
(60003103,'2021-01-14',50,'mariobros@hotmail.com',064060,50,1);


-- 17 --

INSERT INTO Receipt(ReceiptID,ReceiptDate,ReceiptPayment,PurchaserEmail,ReceiptTicketID,ReceiptTicketPrice,AmountOfTicketsPurchased)

VALUES(00500500,'2021-01-01',20,'tatarusanu@hotmail.com',070510,20,1),
(00900600,'2021-01-01',20,'cjmccolum@hotmail.com',108030,20,1),
(04616400,'2021-01-02',20,'karlanthonytowns@hotmail.com',180700,20,1);

SELECT * FROM LoginType;
SELECT * FROM User;
SELECT * FROM Company;
SELECT * FROM Event;
SELECT * FROM Ticket;
SELECT * FROM Receipt;
