


INSERT INTO LoginType(loginEmail,loginPassword,isCompany)
VALUES('ugurkaya@hotmail.com','12241212',False),
	  ('mkeremhan@hotmail.com', '3151355',False),
      ('busraT@hotmail.com', '5251355',False),
      ('bekirmalik@hotmail.com','6546546',False),
	  ('damianlillard@gmail.com', '45123231',False),
      ('klaythompson@hotmail.com', '545432',False),
      ('reggiejackson@hotmail.com','54213',False),
	  ('burakyilmaz@hotmail.com', '6545431',False),
      ('ismailcipe@hotmail.com', '785634',False),
      ('alexandrucicaldau@hotmail.com','564321',False),
	  ('ibrahimtatlises@gmail.com', '54687',False),
      ('karlanthonytowns@hotmail.com', '231354',False),
      ('bezginmete@hotmail.com','321354',False),
	  ('maviteletabi@hotmail.com', '5453872',False),
      ('Ldimitrescu@hotmail.com', '5452318',False),
      ('Heisenberg@hotmail.com','56412354',False),
	  ('dancingbanana@hotmail.com', '654531',False),
      ('literallyahand@hotmail.com', '321354',False),
      ('theboys@hotmail.com','315621',False),
	  ('tatarusanu@hotmail.com', '23156341',False),
      ('brodixon@gmail.com', '4545645',False),
      ('lichking@hotmail.com','2312345',False),
	  ('neomatrix@hotmail.com', 'das32d1a',False),
      ('assassinboyz@hotmail.com', '45dsad6',False),
      ('tatumjayson@hotmail.com','564dsad',False),
	  ('mariobros@hotmail.com', 'asd4132',False),
      ('cjmccolum@hotmail.com', 'as54d',False),
      ('tusinabbasi@hotmail.com','qwe132',False),
	  ('goldlion@hotmail.com', 'ewq2322',False),
      ('thewitcher@hotmail.com', 'eqw789',False),
      ('darkinaatrox@gmail.com','12d3as',False),
	  ('mehmetkarahanli@hotmail.com', '23eqw1',False),
	  ('vledaputin@hotmail.com', '13e2qw',False),
      ('squidgamer@hotmail.com', '1564qwe',False),
      ('kaanozturk@hotmail.com','13332',False),
	  ('berkercerker@hotmail.com', 'adadada',False),
      ('childetartaglia@hotmail.com', '3535hehe35',False),
      ('sinanengin@gmail.com','sinanengin',False),
	  ('onurcansh@gmail.com', '34346734',False),
      ('romanoffnatasha@gmail.com', '323232put',False),
      ('riotgames@hotmail.com','222111adsc',True),
	  ('NBAFaculties@hotmail.com', '313434',True),
      ('twitchHQ@hotmail.com', '545654asd',True),
      ('RedbullEnterprises@hotmail.com','2135sa',True),
	  ('WWEEnterprises@gmail.com', '12d3asdunder',True),
      ('KulturIstanbul@hotmail.com', '123asd2',True),
      ('RockNCoke@hotmail.com','564dasasd',True),
	  ('PSMLovesSummer@gmail.com', '123das1d',True),
      ('TurkiyeTiyatrolar@hotmail.com', '12das3d',True),
      ('KerkiSolfej@hotmail.com','3eesd4',True),
      ('TurkiyeKultur@hotmail.com','3basd4',True),
      ('FikralarlaTurkiye@hotmail.com','3absd4',True),
      ('SinemalarTurkiye@hotmail.com','ada333',True);
      

INSERT INTO User(email,username,isBanned,isAdminstrator)
VALUES('ugurkaya@hotmail.com','UurK',False,False),
	  ('mkeremhan@hotmail.com','MKeremH',False,False),
      ('busraT@hotmail.com','BusraNT',False,False),
      ('bekirmalik@hotmail.com','BekirM',False,False),
	  ('damianlillard@gmail.com','DameTime',False,False),
      ('klaythompson@hotmail.com','SplashBro',False,False),
      ('reggiejackson@hotmail.com','ScarryR',False,False),
	  ('burakyilmaz@hotmail.com','BurakKing',False,False),
      ('ismailcipe@hotmail.com','Nargileci50',False,False),
      ('alexandrucicaldau@hotmail.com','Cica',False,False),
	  ('ibrahimtatlises@gmail.com','IboT',False,False),
      ('karlanthonytowns@hotmail.com','KAT',False,False),
      ('bezginmete@hotmail.com','BezginM',False,False),
	  ('maviteletabi@hotmail.com','BTeletubby',False,False),
      ('Ldimitrescu@hotmail.com','CountessA',False,False),
      ('Heisenberg@hotmail.com','Heisenberg',False,False),
	  ('dancingbanana@hotmail.com','DancingB',False,False),
      ('literallyahand@hotmail.com','LHand',False,False),
      ('theboys@hotmail.com','Billy',False,False),
	  ('tatarusanu@hotmail.com','GKRaast',False,False),
      ('brodixon@gmail.com','DixonDaryl',False,False),
      ('lichking@hotmail.com','TheLichKing',False,False),
	  ('neomatrix@hotmail.com','JohnWick',False,False),
      ('assassinboyz@hotmail.com','GrandAssassin',False,False),
      ('tatumjayson@hotmail.com','TheJayy',False,False),
	  ('mariobros@hotmail.com','SuperMario',False,False),
      ('cjmccolum@hotmail.com','theCJ', False,False),
      ('tusinabbasi@hotmail.com','TusinA',False,False),
	  ('goldlion@hotmail.com','TheLannister',False,False),
      ('thewitcher@hotmail.com','GeraltOfRivia',False,False),
      ('darkinaatrox@gmail.com','WorldEnder',False,False),
	  ('mehmetkarahanli@hotmail.com','Baron',False,False),
	  ('vledaputin@hotmail.com','VledaP',False,False),
      ('squidgamer@hotmail.com','RedHair',False,False),
      ('kaanozturk@hotmail.com','KaanOz',False,False),
	  ('berkercerker@hotmail.com','CerkerBerker',False,True),
      ('childetartaglia@hotmail.com','EleventhHarbinger',False,True),
      ('sinanengin@gmail.com','sinanengin',False,True),
	  ('onurcansh@gmail.com','ocsh' ,True,False),
      ('romanoffnatasha@gmail.com','BlackWidow',True,False);
      


INSERT INTO Company(CompanyEmail,ApprovedCompany,CompanyName,CompanyAdress,CompanyPhone)
VALUES('KerkiSolfej@hotmail.com',True,'KerkiSolfej','Bostanci Istanbul','05477455063'),
	  ('TurkiyeKultur@hotmail.com',True,'Turkiye Kultur','Izmir Bornova','05476450654'),
      ('riotgames@hotmail.com',True,'Riot Games','Merdivenkoy Kadikoy Istanbul','05553450019'),
      ('NBAFaculties@hotmail.com',True,'NBA','Çekmekoy Tasdelen Istanbul','05652153211'),
      ('twitchHQ@hotmail.com',True,'Twitch','Sile Istanbul','05543450432'),
      ('RedbullEnterprises@hotmail.com',True,'Redbull','Uskudar Unalan Mahallesi Libadiye Caddesi Istanbul','05423455012'),
      ('WWEEnterprises@gmail.com',True,'WWE','Cekmekoy Madenler Istanbul','05333452212'),
      ('KulturIstanbul@hotmail.com',True,'Kultur Istanbul','Zeytinburnu Istanbul','05143566019'),
      ('RockNCoke@hotmail.com',True,'Rock n Coke','Taksim Istanbul','05453450077'),
      ('PSMLovesSummer@gmail.com',True,'PSMLovesSummer','Kadikoy Istanbul','05533351910'),
      ('TurkiyeTiyatrolar@hotmail.com',True,'Turkiye Tiyatro Dernegi','Etimesgut Ankara','05543557615'),
      ('FikralarlaTurkiye@hotmail.com',True,'Tiyatro Trabzon','Akcaabat Trabzon','05526450044'),
      ('SinemalarTurkiye@hotmail.com',True,'Sinemalar Turkiye','Taksim Istanbul','05426658231');
      

      
      
INSERT INTO Event(idEvent,VipAvailability,SeatAvailability,TicketPrice,EventHour,ECompanyEmail,EventName,EventDate,EventDescription,EventLocation,EventNoLongerPurchasable,EventCapacity)
VALUES(455124,False,True,150,'20:30:00','KerkiSolfej@hotmail.com','Sila Konseri ','2022-01-15','Sila, KerkiSolfej organizasyonu ile sizlerle bulusuyor.','Bostanli Suat Taser Tiyatrosu(Izmir)',False,1550),
	  (152060,False,False,105,'22:30:00','KerkiSolfej@hotmail.com','Mabel Matiz','2022-01-20','Mabel Matiz, KerkiSolfej organizasyonuyla seyircisiyle bulusuyor.','Torium Sahne(Istanbul)',False,2000),
      (677771,False,True,120,'20:00:00','KerkiSolfej@hotmail.com','Buray Konseri','2022-01-29','Buray, KerkiSolfej organizasyonu ile sizlerle bulusuyor…','Yenimahalle Bld.4 Mevsim Tiyatro Salonu(Ankara)',False,550);

INSERT INTO Event(idEvent,VipAvailability,SeatAvailability,TicketPrice,EventHour,ECompanyEmail,EventName,EventDate,EventDescription,EventLocation,EventNoLongerPurchasable,EventCapacity)
VALUES(617124,False,True,175,'21:00:00','TurkiyeKultur@hotmail.com','TolgShow ','2022-01-20 ','Tolga Cevik’in gösterisi ‘Tolgshow’ turneye cikiyor!‘Arkadasim’ karakteri ile milyonlari gulduren Tolga Cevik sahnede artik bir klasik haline gelen dogaclama oyununun Turkiye Turnesi’yle izleyicinin karsisina çikiyor.Bugune kadar ‘Yönetmen’in akla sigmayan isteklerini yerine getirmeye calisan ‘Arkadasim’ Turkiye Turnesinde Yonetmeni cildirtmaya kararli.‘Gizemli Yönetmen’ Firat Parlak ve ‘Minik’ lakapli muzisyen Ozer Atik’in de eslik ettigi tamami dogaclama gösteri seyircisiyle bulusmak icin yollara dusuyor. ','Erciyes Kultur Merkezi(Kayseri)',False,375),
      (675671,False,True,105,'20:00:00','TurkiyeKultur@hotmail.com','Olum Bizi Ayirana Dek','2022-01-26','Cansu ve Serdar, evlilik hayati canlarina tak etmis ve bosanmaya karar vermis bir cifttir. Bosanmadan bir gece once kendileri icin duzenlenen bir kutlama partisine katilirlar. Ancak sabah ayni yatakta uyanirlar! Bir gece öncesine dair çok az sey hatirlayan Cansu ve Serdar’i bekleyen asil surpriz, salondaki kanepede uzanmakta olan cesettir.','Muhsin Yazicioglu Kultur Merkezi(Sivas)',False,600);

INSERT INTO Event(idEvent,VipAvailability,SeatAvailability,TicketPrice,EventHour,ECompanyEmail,EventName,EventDate,EventDescription,EventLocation,EventNoLongerPurchasable,EventCapacity)
VALUES(123124,False,True,80,'15:30:00','riotgames@hotmail.com','TBF Final','2021-12-24','TBF Finalinde Takimlar kozlarini paylasiyor!Galatasaray Esports ve NASR Esports Karsi karsiya! Simdi biletlerini alin','Barbaros, 34746 Atasehir/Istanbul',False,1200);

INSERT INTO Event(idEvent,VipAvailability,SeatAvailability,TicketPrice,EventHour,ECompanyEmail,EventName,EventDate,EventDescription,EventLocation,EventNoLongerPurchasable,EventCapacity)
VALUES(125124,True,True,150,'20:30:00','NBAFaculties@hotmail.com','NBA Istanbul"da!','2022-01-21','NBA Gosteri maci Istanbulda sahne aliyor! Houston Rockets ve Brooklyn Nets karsi karsiya, hem de Istanbulda!','Kazlicesme, 34020 Zeytinburnu/Istanbul',False,20000),
      (146124,True,True,150,'21:30:00','NBAFaculties@hotmail.com','NBA Istanbul"da!','2021-01-23','NBA Gosteri maci Istanbulda sahne aliyor! Minnesota Timberwolves ve Los Angeles Lakers karsi karsiya, hem de Istanbulda','Kazlicesme, 34020 Zeytinburnu/Istanbul',False,20000);

INSERT INTO Event(idEvent,VipAvailability,SeatAvailability,TicketPrice,EventHour,ECompanyEmail,EventName,EventDate,EventDescription,EventLocation,EventNoLongerPurchasable,EventCapacity)
VALUES(154124,False,True,50,'16:30:00','twitchHQ@hotmail.com','Streamer Bulusmasi','2022-01-05','Favori streameriniz ile bu bulusmada tanisma firsati edinin!','Cumhuriyet Mahallesi, Hadimköy Yolu 9/1, 34500 Buyukcekmece/Esenyurt/Istanbul',False,500);

INSERT INTO Event(idEvent,VipAvailability,SeatAvailability,TicketPrice,EventHour,ECompanyEmail,EventName,EventDate,EventDescription,EventLocation,EventNoLongerPurchasable,EventCapacity)
VALUES(147124,True,True,250,'15:30:00','RedbullEnterprises@hotmail.com','Gosteri Yarisi','2021-02-19','Dunyanin en iyi pilotlari Istanbul Parkta gosteri yarisinda kozlarini paylasiyor! Hemen biletlerinizi alin!','Akfirat, Gocbeyli Bv No:1, 34959 Tuzla/Istanbul',False,30000),
      (134124,False,False,40,'14:30:00','RedbullEnterprises@hotmail.com','Drone Yarisi Turnuvasi','2022-05-15','Drone Yarisi tum hiziyla devam ediyor! Redbull sponsorlugunda heyecana ortak ol!','Ortamahalle Topkapi Maltepe Caddesi Canayakin Sitesi A blok No 6 34040 Bayrampasa / Istanbul',False,1000);

INSERT INTO Event(idEvent,VipAvailability,SeatAvailability,TicketPrice,EventHour,ECompanyEmail,EventName,EventDate,EventDescription,EventLocation,EventNoLongerPurchasable,EventCapacity)
VALUES(111124,True,True,280,'21:30:00','WWEEnterprises@gmail.com','WWE Turkiye Undertaker vs Rey Mysterio','2022-03-04','Guresin super yildizlari karsi karsiya! Sen de bu muhtesem karsilasmaya ortak ol!','Maltepe Orhangazi Sehir Parki',False,1500);

INSERT INTO Event(idEvent,VipAvailability,SeatAvailability,TicketPrice,EventHour,ECompanyEmail,EventName,EventDate,EventDescription,EventLocation,EventNoLongerPurchasable,EventCapacity)
VALUES(166124,False,True,40,'19:30:00','KulturIstanbul@hotmail.com','Delibo Tiyatro','2021-12-28','Kaybolmus bir gencligin hikayesini anlatan Delibo isimli oyun simdi sahnelerde.','Ataköy 7-8-9-10, E5 Karayolu Üzeri Atakoy Yerleskesi, 34158 Bakirkoy',False,250),
      (177124,False,True,50,'18:00:00','KulturIstanbul@hotmail.com','Romeo ve Juliet','2021-01-05','Klasik ve unutulmaz tiyatro simdi Istanbul Kultur sahnelerinde!','Ataköy 7-8-9-10, E5 Karayolu Uzeri Ataköy Yerleskesi, 34158 Bakirkoy',False,250),
      (108124,False,True,20,'15:30:00','KulturIstanbul@hotmail.com','Rapunzel ve Beyazatli Prens','2021-12-29','Cocuklariniz icin masallar alemine bir kesif! Klasik masal simdi Istanbul Kultur sahnelerinde!','Atakoy 7-8-9-10, E5 Karayolu Uzeri Atakoy Yerleskesi, 34158 Bakirkoy',False,250),
      (621030,False,True,100,'20:00:00','KulturIstanbul@hotmail.com','Yasemin Sakallioglu','2022-01-15','Yasemin Sakallioglu “Dogru Koca Nasil Secilir” isimli tek kisilik oyunu ile sevenleriyle bulusuyor.Genc komedyen; aile baglari, kadin erkek iliskileri ve bu iliskilerin psikolojik etkilerini cesitli tiplemelerinden yardim alarak esprili bir dille aktariyor.Kendini de elestirmeyi ihmal etmeyen Yasemin Sakallioglu’nun gösterisinin ismi “Dogru Koca Nasil Secilir?”','Bostanci Gösteri Merkezi(Istanbul)',False,100),
      (477124,False,True,200,'20:30:00','KulturIstanbul@hotmail.com','Guldur Guldur','2022-01-23','Ekranlarin begenilen komedi programi Guldur Guldur Show, BKM"de seyirciyle bulusmaya devam ediyor.Gunluk hayatin siradan konularina farkli bir bakis acisi ile yaklasan Guldur Guldur Show, aileden aska, sohretten teknolojiye, futboldan arkadasliga, bircok konuya yine kendi mizah anlayisi ile yeni yaklasimlar ve cozumleri ile kahkahanin adresi olmaya devam ediyor.','Besiktas Kultur Merkezi(Istanbul)',False,200),
      (783728,False,True,250,'21:30:00','KulturIstanbul@hotmail.com','Cghb','2022-01-17','Cok Guzel Hareketler 2, Besiktas Kultur Merkezi"nde sizlerle.Yaklasik 2 yil boyunca sahne, senaryo ve oyunculuk egitimlerinden geçen ve 3 sezondur BKM"de kapali gise oynayan  Çok Guzel Hareketler 2, Eser Yenenler kaptanliginda seyirciyle bulusmaya devam ediyor.Bkm Mutfak"in 20 kisiden olusan ekibi, atölyeden yeni çikan skeçleri ile her hafta BKM"de!','Besiktas Kultur Merkezi(Istanbul)',False,250);

INSERT INTO Event(idEvent,VipAvailability,SeatAvailability,TicketPrice,EventHour,ECompanyEmail,EventName,EventDate,EventDescription,EventLocation,EventNoLongerPurchasable,EventCapacity)
VALUES(199124,False,False,480,'19:30:00','RockNCoke@hotmail.com','Metallica','2021-06-12','Efsanevi grup Metallica tekrar Istanbulda! Tukenmeden hemen biletlerinizi Biletbiz"den kapin!','Aydinevler Siteler Yolu No:28. Kat:3 Hilltown AVM Kucukyali / Istanbul',False,15000),
      (120124,False,False,180,'19:45:00','RockNCoke@hotmail.com','Orden Ogan','2021-07-22','Alman power metal grubu Orden Ogan Istanbulda! Hemen biletlerinizi Biletbiz"den kapin!','Aydinevler Siteler Yolu No:28. Kat:3 Hilltown AVM Kucukyali / Istanbul',False,15000);
       

INSERT INTO Event(idEvent,VipAvailability,SeatAvailability,TicketPrice,EventHour,ECompanyEmail,EventName,EventDate,EventDescription,EventLocation,EventNoLongerPurchasable,EventCapacity)
VALUES(156150,False,True,380,'21:00:00','PSMLovesSummer@gmail.com','Arctic Monkeys','2022-05-03','Arctic Monkeys Turkiye"de! Tukenmeden biletlerinizi kapin!','Zorlu Center, Levazim Mah. Koru Sok. No:2/PSM/70 Zincirlikuyu, Besiktas / Istanbul',True,2200),
      (123020,False,True,150,'21:30:00','PSMLovesSummer@gmail.com','Ebru Gundes Konseri','2021-04-27','Ebru Gundes! Basarili sarkici sahnede biletler Biletbiz"de!','Istanbul Buyuksehir Belediyesi Harbiye Cemil Topuzlu Acikhava Tiyatrosu',False,3900);


INSERT INTO Event(idEvent,VipAvailability,SeatAvailability,TicketPrice,EventHour,ECompanyEmail,EventName,EventDate,EventDescription,EventLocation,EventNoLongerPurchasable,EventCapacity)
VALUES(144001,False,True,35,'20:00:00','TurkiyeTiyatrolar@hotmail.com','Midas"in Altinlari','2022-02-01','Kariyerinde en ust noktaya gelmis bir adamin bitmek bilmeyen tutkulari onu bir seçim yapmaya zorlanan bir adamin hikayesi.','Plevne Mah. Babur Cad. No:40 Altindag / Ankara',False,150),
      (149039,False,True,50,'19:45:00','TurkiyeTiyatrolar@hotmail.com','Bir Baba Hamlet','2022-01-24','"Bir Baba Hamlet", tiyatro yapma askinin basdondurucu guzelligi ile aptallastirici buyusune ayna tutuyor.','Caferaga Mah. Bahariye Cad. Sakizgulu Sok.No 31/37 Kadikoy/Istanbul',False,100),
      (765451,False,True,120,'20:30:00','TurkiyeTiyatrolar@hotmail.com','Iki Bekar','2022-01-26','Emre Kinay Jack Fisher"i; Evrim Alasya piril piril enerjisiyle Shanette Millburn"u canlandiriyor. Oyunun muziklerini Gokhan Turkmen, Gokhan Tepe, Keremcem gibi daha bircok populer sanatciya besteler veren oyuna ozel bir titizlikle Serdar Aslan besteledi.Duru Tiyatro"nun yeni kurulan orkestrasi Durucazzz"in canli performans muzikleriyle muzikal tadinda bir oyunla eglenceli kahkahali 2 saat sizi bekliyor. Gec kalmadan yerlerinizi hemen ayirtin. Bizden söylemesi..."','Gebze Osman Hamdi Bey Kultur Merkezi(Kocaeli)',False,420),
      (154020,False,True,150,'21:00:00','TurkiyeTiyatrolar@hotmail.com','Zengin Mutfagi','2022-07-17','Sener Sen, Zengin Mutfagi’inda sahneledigi muhtesem performansiyla 17 Temmuz Cumartesi saat 21:00’de Maximum Uniq Acikhava’da!Cumhuriyet tarihinde görulmus en buyuk isci hareketi olan 15-16 Haziran 1970 olaylarinin zengin bir ailenin mutfagina yansimasi.Hizmet etmekten baska bir sey dusunemeyen kösk çalisanlari da gözlerinin önunde gelisen olaylar karsisinda kayitsiz kalamayacaktir. Toplumdaki degisimden her biri kendi payina duseni alacaktir.  Vasif Öngören’in bu olaylari eglenceli bir biçimde aktardigi oyun, tiyatro sahnesinde defalarca yorumlanmis ve beyazperdeye de uyarlanmistir. 1978 yilinda ilk kez Istanbul Sehir Tiyatrolari’nda bu oyunda asçi Lutfu Usta’yi canlandiran Sener Sen, 40 yil aradan sonra ayni rolde ve genç bir oyuncu kadrosuyla tekrar sahnede.“Is Bankasi kartlarina %10 indirim” uygulanacak oyunun biletlerini kaçirma.','Maximum Uniq Acikhava',False,500),
      (172111,False,True,100,'20:00:00','TurkiyeTiyatrolar@hotmail.com','7 kocali hurmuz','2022-04-21','Yillarca birçok önemli tiyatrocu tarafindan sahnelenen "7 Kocali Hurmuz" muzikali usta tiyatrocu Mujdat Gezen yorumuyla yeniden sahnelendi. Basrollerini Birce Akalay, Ilker Ayrik, Yonca Evcimik, Cengiz Kuçukayvaz, Suzan Kardes, Onur Dilber, Arzu Okay, Yasar Ayvaci, Aykut Taskin, Baris Taskin, Melih Çardak ve Cengiz Gezgin’in paylastigi muzikal, buyuk begeni toplamasi uzerine yeni sezonda da devam ediyor.Dev kadrosu ve usta tiyatrocu Mujdat Gezen’in yorumuyla yeniden sahneye tasinan muzikalde, Atilla Özdemiroglu’nun unlu bestesi “Yalniz Kullar (Tanrim)” parçasinin yani sira Sadik Sendil’in vasiyeti uzerine Istanbul turkuleri de yer almaktadir.Kostum tasarimini Leyla Gezen ile Bahar Korçan’in, koreografisini Pinar Ataer’in ustlendigi oyunun muzikleri Emirhan Cengiz tarafindan hazirlanmistir.Sahne dekoru Baris Dinçel imzali muzikalde, farkli meslek gruplarindan 6 kocasi olan Hurmuz’un (Birce Akalay) yedinci kocayla evlenmek istemesi mizahi bir dille anlatilir.','Gebze Osman Hamdi Bey Kultur Merkezi(Kocaeli)',False,420);


INSERT INTO Event(idEvent,VipAvailability,SeatAvailability,TicketPrice,EventHour,ECompanyEmail,EventName,EventDate,EventDescription,EventLocation,EventNoLongerPurchasable,EventCapacity)
VALUES(190137,False,True,20,'20:00:00','FikralarlaTurkiye@hotmail.com','Medyum','2022-01-03','Keyifli bir cinayet gizemi macerasi. Bir cok komik supheli, beklenmedik kivrimlar ve donusler… Simdi biletlerini alin!','Gulbaharhatun, Senol Gunes Cd. No:17, 61040 Trabzon Merkez/Trabzon',False,220);


INSERT INTO Event(idEvent,VipAvailability,SeatAvailability,TicketPrice,EventHour,ECompanyEmail,EventName,EventDate,EventDescription,EventLocation,EventNoLongerPurchasable,EventCapacity)
VALUES(203054,False,True,75,'20:30:00','SinemalarTurkiye@hotmail.com','Uyumsuz','2022-01-25','Uzak bir gelecekte geçen distopik hikayede insanlik, her biri farkli bir erdemi temsil eden bes farkli parçaya bölunmus bir duzende yasamaktadir. Insanlar 16 yasina geldiklerinde kendi insani özelliklerine göre bu bes bölumden birine dahil olup ömur boyu bu bölumde yasamlarini surdurmektedirler. Tris Prior için de bu kurali uygulama zamani geldiginde kendiyle ilgili buyuk bir sirri kesfeder.','CineMaximum Metrogarden Alemdag Cd',False,100),
	  (152033,False,False,80,'21:30:00','SinemalarTurkiye@hotmail.com','Harry Potter','2022-02-10','Harry Potter, annesi ve babasini bir trafik kazasinda öldu sanarak 10 yil boyunca sevmedigi Petunia teyzesi,Vernon enistesi ve kuzeni Dudley ile yasamak zorunda kalan yetim bir çocuktur. Fakat gerçekte annesi ve babasi buyuculer dunyasinin karanlik yuzu, Voldemort tarafindan öldurulmustur.Harry Potter, kendisinde bazi garipliklerin oldugunu sezmekte ama gene de normal ve siradan bir çocuk oldugunu dusunmektedir. 10 yasina geldiginde Hogwarts Cadicilik ve Buyuculuk Okulu’ndan kabul edildigine dair mektuplar alir. Muggle ( buyucu olmayan) teyzesi ve enistesi bu mektuplari almasini engellemeye çalisirlar.Fakat ne yaparlarsa yapsinlar Harry’e mektuplarin ulastirilmasini engelleyemezler ve Harry Hogwarts’a göturulerek okula baslar.','CinemaPink Buyaka Istanbul',False,120),
      (141958,False,True,50,'20:00:00','SinemalarTurkiye@hotmail.com','Joker','2022-02-11','Basarisiz bir komedyen olan Arthur Fleck, toplum tarafindan yok sayilip dislanmis biridir ve dolayisiyla yapayalniz birakilmistir. Surekli olarak birileriyle bag kurma istegi içinde olan Arthur, hayatini taktigi iki maskeyle geçirir. Gunduzleri, hayatini idame ettirebilmek için palyaço maskesiyle dolasirken geceleri ise hayatindan silip atmasi asla mumkun olmayacak bir maske takar.','CineMaximum Akyaka Park Istanbul',False,100),
      (634099,False,True,70,'20:30:00','SinemalarTurkiye@hotmail.com','Labirent','2022-02-13','Labirent: Ölumcul Kaçis"ta, Thomas bir anda uyanir ve yukari dogru hareket halindeki bir asansörde oldugunu fark eder.  Asansörun kapilari açilir ve karsisinda kendi yaslarinda bir grup genci görur. Koloni gibi görunen bu grup onu bir kayranda karsilamistir. Devasa buyuklukteki duvarlarla çevrelenen bu genis alanda Thomas ne kendisini, ne ailesini ne de geçmisini hatirlayamaz. Dahasi karsisindaki “Kayranlilar” da tipki kendisi gibi buraya nasil ve neden getirildiklerini bilmemektedirler.Tek bildikleri sey ise her sabah labirente gidilen dev bir kapinin açildigidir. Gunes batarken ise her aksam kapi kapanir. Üstelik her 30 gunde bir asansörle gruba yeni bir genç gelmektedir. Thomas"in ardindansa beklenmedik bir sekilde, bir hafta sonra asansör labirente Teresa adinda bir genç kizi birakir. Thomas simdi hem kayran sakinlerinin hem de geçmiste bir yerlerden hatirladigi bu labirentin sirrini çözmeye çalisacaktir… ','CineMaximum WaterGarden Istanbul',False,120),
	  (890094,False,False,65,'22:30:00','SinemalarTurkiye@hotmail.com','Amelie','2022-02-14','Amelie, Ünlu Fransiz yönetmen Jean-Pierre Jeunet’nin bes dalda Oscar’a aday gösterilen ve son on yilin en ses getiren yapimlari arasinda. Bu Fransiz komedisi bizi genç ve özel bir kadinla tanismaya davet ediyor; her daim hayat dolu, yasama sevgi dolu gözlerle taniklik eden ve sahip oldugu özel isiltiyi her aninda yaninda tasiyan Amelie’nin hikayesine... ','CineMaximum MaltepePark Istanbul',False,100),
      (890060,False,True,70,'19:00:00','SinemalarTurkiye@hotmail.com','Captain Marvel','2022-02-15','Film, Carol Danvers"in Captain Marvel"a dönusumunden degil, Carol Danvers"in Captain Marvel olarak dunyaya dususunden ilerliyor. Super guçlere sahip, guzel bir kadin olarak dunyaya dusen Carol Danvers, gezegeni kesfettikçe kimi göruntuler hatirlamaya baslar. Geçmiste gezegenimizde yasadigini ve burada bir hayati oldugunu hatirlamaya baslayan genç kadinin guvenebilecegi tek kisi ise SHIELD çalisani Nick Fury"dir. Geçmisini kesfettikçe kendine dair bilmedigi yeni detaylari kesfeden super kahraman, bir yandan da sekil degistiren dusmanlari Skrull irki ile onu ölumden kurtararak kendileri gibi guçlu yapan erdemli Kree irki arasindaki savasta önemli bir rol oynamaktadir. ','CineMaximum Atasehir Palladium Istanbul',False,120);




--  Uyumsuz --
INSERT INTO Ticket(TicketID,seat,TUserEmail,idEventID)
  VALUES(043002,9,'bezginmete@hotmail.com',203054),
        (684899,10,'assassinboyz@hotmail.com',203054),
	    (505000,15,'Ldimitrescu@hotmail.com',203054),

-- Harry Potter --
     (566717,36,'neomatrix@hotmail.com',152033),
     (456303,22,'assassinboyz@hotmail.com',152033),
	 (566600,17,'tatumjayson@hotmail.com',152033),
	 (541401,18,'mariobros@hotmail.com',152033),


-- Joker -- 

     (676447,19,'Heisenberg@hotmail.com',141958),
     (456404,22,'darkinaatrox@gmail.com',141958),
	 (500001,24,'lichking@hotmail.com',141958),
     
-- Labirent --


      (455661,5,'thewitcher@hotmail.com',634099),
      (043423,6,'cjmccolum@hotmail.com',634099),
      (166302,8,'goldlion@hotmail.com',634099),
      (194490,42,'dancingbanana@hotmail.com',634099),


-- Amelie --
      (040130,32,'reggiejackson@hotmail.com',890094),
	  (194406,43,'alexandrucicaldau@hotmail.com',890094),

-- Captain Marvel --
      (066898,15,'literallyahand@hotmail.com',199124),
      (314995,16,'ugurkaya@hotmail.com',199124),
	  (600243,22,'thewitcher@hotmail.com',199124),

-- 7 kocali hurmuz --

	  (421101,21,'Heisenberg@hotmail.com',172111),
      (678256,22,'tatarusanu@hotmail.com',172111),
      (456190,14,'burakyilmaz@hotmail.com',172111),


-- Zengin Mutfagi -- 
      (162212,14,'dancingbanana@hotmail.com',890060),
      (147870,27,'brodixon@gmail.com',890060),



-- SILA KONSERI --

(531523,15,'mkeremhan@hotmail.com',455124),
(781351,16,'damianlillard@gmail.com',455124),
(483445,27,'klaythompson@hotmail.com',455124),
(539152,33,'reggiejackson@hotmail.com',455124),
(134934,44,'alexandrucicaldau@hotmail.com',455124),
(351031,12,'karlanthonytowns@hotmail.com',455124),
(300513,26,'tatumjayson@hotmail.com',455124),
(120100,37,'darkinaatrox@gmail.com',455124),
(120401,29,'mehmetkarahanli@hotmail.com',455124),


-- CGHB --

(073307,10,'Heisenberg@hotmail.com',783728),
(456000,22,'darkinaatrox@gmail.com',783728),
(500000,23,'lichking@hotmail.com',783728),
(222579,11,'damianlillard@gmail.com',783728),

-- TOLGSHOW -- 
(513503,23,'reggiejackson@hotmail.com',617124),
(630145,22,'ibrahimtatlises@gmail.com',617124),
(701501,15,'burakyilmaz@hotmail.com',617124),


-- MABEL MATIZ --

(999310,05,'tatarusanu@hotmail.com',152060),
(999020,06,'bekirmalik@hotmail.com',152060),
(094031,12,'mkeremhan@hotmail.com',152060),

-- Yasemin Sakallioglu --

(642000,55,'karlanthonytowns@hotmail.com',621030),
(763100,56,'tatumjayson@hotmail.com',621030),
(010111,151,'darkinaatrox@gmail.com',621030),


-- Guldur Guldur --

(535352,20,'cjmccolum@hotmail.com',477124),
(641000,15,'goldlion@hotmail.com',477124),


-- Ölun Bizi Ayirana Dek --

(064010,22,'reggiejackson@hotmail.com',675671),
(053100,12,'ibrahimtatlises@gmail.com',675671),
(005641,13,'burakyilmaz@hotmail.com',675671),
(100350,17,'tatarusanu@hotmail.com',675671),


-- Iki Bekar --

(602100,56,'damianlillard@gmail.com',765451),
(700530,05,'klaythompson@hotmail.com',765451),

-- Buray Konseri --

(783129,27,'bekirmalik@hotmail.com',677771),
(103102,38,'literallyahand@hotmail.com',677771),
(175601,29,'thewitcher@hotmail.com',677771),


-- 1 --
(031523,52,'ugurkaya@hotmail.com',123124),
(351351,152,'damianlillard@gmail.com',123124),
(413445,252,'klaythompson@hotmail.com',123124),
(534152,53,'reggiejackson@hotmail.com',123124),
(134134,54,'alexandrucicaldau@hotmail.com',123124),
(351531,55,'karlanthonytowns@hotmail.com',123124),
(351513,56,'tatumjayson@hotmail.com',123124),
(123120,151,'darkinaatrox@gmail.com',123124),
(123121,150,'mehmetkarahanli@hotmail.com',123124),

-- 2 --

(789321,54,'alexandrucicaldau@hotmail.com',125124),
(789879,56,'tatumjayson@hotmail.com',125124),
(200100,253,'damianlillard@gmail.com',125124),
(300044,353,'klaythompson@hotmail.com',125124),
(462100,12,'reggiejackson@hotmail.com',125124),
(440008,14,'tatumjayson@hotmail.com',125124),
(790050,59,'karlanthonytowns@hotmail.com',125124),


-- 3 --

(103123,253,'damianlillard@gmail.com',146124),
(169123,353,'klaythompson@hotmail.com',146124),
(131131,12,'reggiejackson@hotmail.com',146124),
(100126,13,'alexandrucicaldau@hotmail.com',146124),
(123008,14,'tatumjayson@hotmail.com',146124),
(531453,59,'karlanthonytowns@hotmail.com',146124),
(600100,8,'literallyahand@hotmail.com',125124),
(475400,9,'thewitcher@hotmail.com',125124),

-- 4 --

(148023,5,'mkeremhan@hotmail.com',154124),
(163189,6,'busraT@hotmail.com',154124),
(783123,7,'bekirmalik@hotmail.com',154124),
(103100,8,'literallyahand@hotmail.com',154124),
(175600,9,'thewitcher@hotmail.com',154124),
(172423,10,'cjmccolum@hotmail.com',154124),
(177992,11,'goldlion@hotmail.com',154124),
(199990,12,'dancingbanana@hotmail.com',154124),


-- 5 --

(146793,25,'ugurkaya@hotmail.com',147124),
(174733,27,'Ldimitrescu@hotmail.com',147124),
(176443,28,'reggiejackson@hotmail.com',147124),
(163723,29,'ibrahimtatlises@gmail.com',147124),
(140003,35,'burakyilmaz@hotmail.com',147124),
(100003,42,'tatarusanu@hotmail.com',147124),
(147620,43,'bekirmalik@hotmail.com',147124),
(177900,45,'mkeremhan@hotmail.com',147124),


-- 6 --


(456723,null,'neomatrix@hotmail.com',134124),
(432023,null,'kaanozturk@hotmail.com',134124),
(702123,null,'ismailcipe@hotmail.com',134124),
(333567,null,'damianlillard@gmail.com',134124),


-- 7 --

(173123,14,'maviteletabi@hotmail.com',111124),
(183123,12,'reggiejackson@hotmail.com',111124),
(193123,18,'Ldimitrescu@hotmail.com',111124),
(103124,20,'tusinabbasi@hotmail.com',111124),


-- 8 --

(179929,21,'vledaputin@hotmail.com',166124),
(123877,22,'tusinabbasi@hotmail.com',166124),
(103890,25,'bekirmalik@hotmail.com',166124),


-- 9 --

(101111,30,'reggiejackson@hotmail.com',177124),
(122222,35,'tatarusanu@hotmail.com',177124),
(144443,60,'Ldimitrescu@hotmail.com',177124),
(166663,70,'maviteletabi@hotmail.com',177124),


-- 10 --

(903300,20,'Heisenberg@hotmail.com',108124),
(220011,22,'darkinaatrox@gmail.com',108124),
(550060,23,'lichking@hotmail.com',108124),




-- 11 --

(199993,null,'literallyahand@hotmail.com',199124),
(313165,null,'ugurkaya@hotmail.com',199124),
(071445,null,'thewitcher@hotmail.com',199124),
(895310,null,'dancingbanana@hotmail.com',199124),
(531531,null,'brodixon@gmail.com',199124),
(761235,null,'Heisenberg@hotmail.com',199124),
(642510,null,'darkinaatrox@gmail.com',199124),
(812385,null,'lichking@hotmail.com',199124),


-- 12 --


(778877,null,'ugurkaya@hotmail.com',120124),
(999990,null,'Ldimitrescu@hotmail.com',120124),
(223366,null,'darkinaatrox@gmail.com',120124),
(755555,null,'lichking@hotmail.com',120124),
(100405,null,'thewitcher@hotmail.com',120124),



-- 13 --


(000315,25,'tusinabbasi@hotmail.com',156150),
(631405,27,'ugurkaya@hotmail.com',156150),
(053156,35,'maviteletabi@hotmail.com',156150),




-- 14 --


(631413,60,'tatarusanu@hotmail.com',123020),
(783241,65,'dancingbanana@hotmail.com',123020),
(503156,66,'Heisenberg@hotmail.com',123020),
(356931,67,'Ldimitrescu@hotmail.com',123020),
(359130,68,'klaythompson@hotmail.com',123020),



-- 15 --

(603143,70,'busraT@hotmail.com',144001),
(503157,3,'tusinabbasi@hotmail.com',144001),
(141561,25,'burakyilmaz@hotmail.com',144001),
(531590,22,'brodixon@gmail.com',144001),
(503151,15,'tatarusanu@hotmail.com',144001),
(501351,17,'mkeremhan@hotmail.com',144001),
(762135,16,'literallyahand@hotmail.com',144001),
(012431,35,'cjmccolum@hotmail.com',144001),


-- 16 --

(012934,18,'karlanthonytowns@hotmail.com',149039),
(604521,21,'goldlion@hotmail.com',149039),
(315130,24,'tusinabbasi@hotmail.com',149039),
(043412,35,'thewitcher@hotmail.com',149039),
(051356,40,'alexandrucicaldau@hotmail.com',149039),
(053150,41,'vledaputin@hotmail.com',149039),
(100000,42,'bezginmete@hotmail.com',149039),
(200000,43,'mehmetkarahanli@hotmail.com',149039),
(760234,45,'squidgamer@hotmail.com',149039),
(064060,51,'mariobros@hotmail.com',149039),


-- 17 --

(070510,50,'tatarusanu@hotmail.com',190137),
(108030,16,'cjmccolum@hotmail.com',190137),
(180700,12,'karlanthonytowns@hotmail.com',190137);


-- Uyumsuz --

INSERT INTO Receipt(ReceiptID,ReceiptDate,ReceiptPayment,PurchaserEmail,ReceiptTicketID,AmountOfTicketsPurchased)
VALUES(53003029,'2022-01-01',75,'bezginmete@hotmail.com',043002,1),
      (46400301,'2022-01-02',75,'assassinboyz@hotmail.com',684899,1),
	  (28648881,'2022-01-06',75,'Ldimitrescu@hotmail.com',505000,1);



-- Harry Potter --

INSERT INTO Receipt(ReceiptID,ReceiptDate,ReceiptPayment,PurchaserEmail,ReceiptTicketID,AmountOfTicketsPurchased)
VALUES(62134672,'2022-01-04',80,'neomatrix@hotmail.com',566717,1),
      (65737694,'2022-01-04',80,'assassinboyz@hotmail.com',456303,1),
      (12439694,'2022-01-05',80,'tatumjayson@hotmail.com',566600,1),
	  (22949929,'2022-01-07',80,'mariobros@hotmail.com',541401,1);


-- Joker --

INSERT INTO Receipt(ReceiptID,ReceiptDate,ReceiptPayment,PurchaserEmail,ReceiptTicketID,AmountOfTicketsPurchased)
VALUES(64637672,'2022-01-07',50,'Heisenberg@hotmail.com',676447,1),
      (90930664,'2022-01-09',50,'darkinaatrox@gmail.com',456404,1),
	  (10049998,'2022-01-10',50,'lichking@hotmail.com',500001,1);


-- Labirent --

INSERT INTO Receipt(ReceiptID,ReceiptDate,ReceiptPayment,PurchaserEmail,ReceiptTicketID,AmountOfTicketsPurchased)
VALUES(92134622,'2022-01-08',70,'thewitcher@hotmail.com',455661,1),
      (43239609,'2022-01-08',70,'cjmccolum@hotmail.com',043423,1),
	  (30049908,'2022-01-09',70,'burakyilmaz@hotmail.com',166302,1),
      (37079908,'2022-01-09',70,'dancingbanana@hotmail.com',194490,1);

-- Amelie --

INSERT INTO Receipt(ReceiptID,ReceiptDate,ReceiptPayment,PurchaserEmail,ReceiptTicketID,AmountOfTicketsPurchased)
VALUES(67704679,'2022-01-01',65,'reggiejackson@hotmail.com',040130,1),
      (50209604,'2022-01-03',65,'alexandrucicaldau@hotmail.com',194406,1);


-- Captain Marvel -- 

INSERT INTO Receipt(ReceiptID,ReceiptDate,ReceiptPayment,PurchaserEmail,ReceiptTicketID,AmountOfTicketsPurchased)
VALUES(40130670,'2022-01-04',70,'literallyahand@hotmail.com',066898,1),
      (20439564,'2022-01-04',70,'ugurkaya@hotmail.com',314995,1),
	  (30049020,'2022-01-06',70,'thewitcher@hotmail.com',600243,1);



-- 7 kocali hurmuz --
INSERT INTO Receipt(ReceiptID,ReceiptDate,ReceiptPayment,PurchaserEmail,ReceiptTicketID,AmountOfTicketsPurchased)
VALUES(6889672,'2022-01-07',120,'Heisenberg@hotmail.com',421101,1),
      (40239664,'2022-01-07',120,'tatarusanu@hotmail.com',678256,1),
	  (20049928,'2022-01-08',120,'burakyilmaz@hotmail.com',456190,1);

-- Zengin Mutfagi --

INSERT INTO Receipt(ReceiptID,ReceiptDate,ReceiptPayment,PurchaserEmail,ReceiptTicketID,AmountOfTicketsPurchased)
VALUES(21166774,'2021-12-25',150,'dancingbanana@hotmail.com',162212,1),
	  (42316670,'2021-12-25',150,'brodixon@gmail.com',147870,1);

-- SILA KONSERI --

INSERT INTO Receipt(ReceiptID,ReceiptDate,ReceiptPayment,PurchaserEmail,ReceiptTicketID,AmountOfTicketsPurchased)
VALUES(32678544,'2021-12-25',150,'mkeremhan@hotmail.com',531523,1),
	  (05063544,'2021-12-25',150,'damianlillard@gmail.com',781351,1),
      (00173544,'2021-11-27',150,'klaythompson@hotmail.com',483445,1),
      (34440544,'2021-12-29',150,'reggiejackson@hotmail.com',539152,1),
      (13357584,'2021-12-29',150,'alexandrucicaldau@hotmail.com',134934,1),
      (78360509,'2022-01-01',150,'karlanthonytowns@hotmail.com',351031,1),
      (33178724,'2022-01-01',150,'tatumjayson@hotmail.com',300513,1),
      (10808570,'2022-01-02',150,'darkinaatrox@gmail.com',120100,1),
	  (79231555,'2022-01-02',150,'mehmetkarahanli@hotmail.com',120401,1);


INSERT INTO Receipt(ReceiptID,ReceiptDate,ReceiptPayment,PurchaserEmail,ReceiptTicketID,AmountOfTicketsPurchased)
VALUES(42689599,'2021-12-25',250,'Heisenberg@hotmail.com',073307,1),
	  (14063509,'2021-12-26',250,'darkinaatrox@gmail.com',456000,1),
      (74173501,'2021-11-27',250,'lichking@hotmail.com',500000,1),
      (12273003,'2021-12-29',250,'damianlillard@gmail.com',222579,1);


-- TolgShow --

INSERT INTO Receipt(ReceiptID,ReceiptDate,ReceiptPayment,PurchaserEmail,ReceiptTicketID,AmountOfTicketsPurchased)
VALUES(65011519,'2022-01-02',175,'Heisenberg@hotmail.com',513503,1),
	  (35788888,'2022-01-01',175,'darkinaatrox@gmail.com',630145,1),
      (23457580,'2022-01-01',175,'lichking@hotmail.com',701501,1);

-- Mabel Matiz --

INSERT INTO Receipt(ReceiptID,ReceiptDate,ReceiptPayment,PurchaserEmail,ReceiptTicketID,AmountOfTicketsPurchased)
VALUES(47722521,'2022-01-02',105,'tatarusanu@hotmail.com',999310,1),
	  (25723322,'2022-01-04',105,'bekirmalik@hotmail.com',999020,1),
      (44116181,'2022-01-03',105,'mkeremhan@hotmail.com',094031,1);


-- Yasemin Sakallioglu --
INSERT INTO Receipt(ReceiptID,ReceiptDate,ReceiptPayment,PurchaserEmail,ReceiptTicketID,AmountOfTicketsPurchased)
VALUES(11710023,'2022-01-12',100,'karlanthonytowns@hotmail.com',642000,1),
	  (12290372,'2022-01-12',100,'tatumjayson@hotmail.com',763100,1),
      (13347890,'2022-01-08',100,'darkinaatrox@gmail.com',010111,1);

-- Guldur Guldur --
INSERT INTO Receipt(ReceiptID,ReceiptDate,ReceiptPayment,PurchaserEmail,ReceiptTicketID,AmountOfTicketsPurchased)
VALUES(18709020,'2022-01-09',200,'cjmccolum@hotmail.com',535352,1),
	  (17062171,'2022-01-08',200,'goldlion@hotmail.com',641000,1);

-- Ölum Bizi Ayirana Dek --
INSERT INTO Receipt(ReceiptID,ReceiptDate,ReceiptPayment,PurchaserEmail,ReceiptTicketID,AmountOfTicketsPurchased)
VALUES(16676121,'2022-01-06',100,'reggiejackson@hotmail.com',064010,1),
	  (14236676,'2022-01-07',100,'ibrahimtatlises@gmail.com',053100,1),
	  (19930023,'2022-01-09',100,'burakyilmaz@hotmail.com',005641,1),
      (72134440,'2022-01-10',100,'tatarusanu@hotmail.com',100350,1);

-- Iki Bekar --

INSERT INTO Receipt(ReceiptID,ReceiptDate,ReceiptPayment,PurchaserEmail,ReceiptTicketID,AmountOfTicketsPurchased)
VALUES(66677666,'2022-01-08',120,'damianlillard@gmail.com',602100,1),
	  (99900333,'2022-01-10',120,'klaythompson@hotmail.com',700530,1);

-- Buray Konseri -- 

INSERT INTO Receipt(ReceiptID,ReceiptDate,ReceiptPayment,PurchaserEmail,ReceiptTicketID,AmountOfTicketsPurchased)
VALUES(66600156,'2022-01-08',150,'bekirmalik@hotmail.com',783129,1),
      (64403696,'2022-01-08',150,'literallyahand@hotmail.com',103102,1),
	  (92124393,'2022-01-10',150,'thewitcher@hotmail.com',175601,1);



INSERT INTO Receipt(ReceiptID,ReceiptDate,ReceiptPayment,PurchaserEmail,ReceiptTicketID,AmountOfTicketsPurchased)

      -- 1 --

VALUES(32163544,'2021-12-20',80,'ugurkaya@hotmail.com',031523,1),
	  (67163544,'2021-12-18',80,'damianlillard@gmail.com',351351,1),
      (42163544,'2021-11-24',80,'klaythompson@hotmail.com',413445,1),
      (37900544,'2021-12-20',80,'reggiejackson@hotmail.com',534152,1),
      (10093544,'2021-12-22',80,'alexandrucicaldau@hotmail.com',134134,1),
      (78960544,'2021-12-21',80,'karlanthonytowns@hotmail.com',351531,1),
      (46173744,'2021-11-29',80,'tatumjayson@hotmail.com',351513,1),
      (12888544,'2021-12-20',80,'darkinaatrox@gmail.com',123120,1),
	  (40046654,'2021-12-19',80,'mehmetkarahanli@hotmail.com',123121,1);
      

      
      -- 2 --
   INSERT INTO Receipt(ReceiptID,ReceiptDate,ReceiptPayment,PurchaserEmail,ReceiptTicketID,AmountOfTicketsPurchased)
VALUES(52346654,'2022-01-19',150,'damianlillard@gmail.com',200100,1),
	(50446654,'2022-01-15',150,'klaythompson@hotmail.com',300044,1),
	(56746654,'2022-01-18',150,'reggiejackson@hotmail.com',462100,1),
	(60047894,'2022-01-17',150,'alexandrucicaldau@hotmail.com',440008,1),
	(50946659,'2022-01-16',150,'tatumjayson@hotmail.com',789879,1),
	(79996654,'2022-01-15',150,'karlanthonytowns@hotmail.com',790050,1);
      
      

      -- 3 --
    INSERT INTO Receipt(ReceiptID,ReceiptDate,ReceiptPayment,PurchaserEmail,ReceiptTicketID,AmountOfTicketsPurchased)

VALUES(10000654,'2022-01-05',150,'damianlillard@gmail.com',103123,1),
	(20796654,'2022-01-06',150,'klaythompson@hotmail.com',169123,1),
	(65554004,'2022-01-07',150,'reggiejackson@hotmail.com',131131,1),
	(30040064,'2022-01-08',150,'alexandrucicaldau@hotmail.com',100126,1),
	(21130454,'2022-01-09',150,'tatumjayson@hotmail.com',123008,1),
	(45307694,'2022-01-01',150,'karlanthonytowns@hotmail.com',531453,1),
	(40235664,'2022-01-01',150,'literallyahand@hotmail.com',600100,1),
	(40094664,'2022-01-09',150,'thewitcher@hotmail.com',475400,1);
      
      
      -- 4 --
     INSERT INTO Receipt(ReceiptID,ReceiptDate,ReceiptPayment,PurchaserEmail,ReceiptTicketID,AmountOfTicketsPurchased)

VALUES(53157122,'2021-12-17',50,'mkeremhan@hotmail.com',148023,1),
	(76413200,'2021-12-20',50,'busraT@hotmail.com',163189,1),
	(51237326,'2021-12-17',50,'bekirmalik@hotmail.com',783123,1),
	(55523123,'2021-12-21',50,'literallyahand@hotmail.com',103100,1),
	(77314653,'2021-12-22',50,'thewitcher@hotmail.com',175600,1),
	(12312466,'2021-01-01',50,'cjmccolum@hotmail.com',172423,1),
	(12365633,'2021-01-02',50,'goldlion@hotmail.com',177992,1),
	(74216664,'2021-01-03',50,'dancingbanana@hotmail.com',199990,1);
      

	-- 5 --
    INSERT INTO Receipt(ReceiptID,ReceiptDate,ReceiptPayment,PurchaserEmail,ReceiptTicketID,AmountOfTicketsPurchased)

VALUES(60421300,'2021-12-25',250,'ugurkaya@hotmail.com',146793,1),
	(70640502,'2021-12-27',250,'Ldimitrescu@hotmail.com',174733,1),
	(70315859,'2022-01-01',250,'reggiejackson@hotmail.com',176443,1),
	(12900065,'2022-01-04',250,'ibrahimtatlises@gmail.com',163723,1),
	(53106032,'2022-01-04',250,'burakyilmaz@hotmail.com',140003,1),
	(15315000,'2022-01-05',250,'tatarusanu@hotmail.com',100003,1),
	(35050535,'2022-01-06',250,'bekirmalik@hotmail.com',147620,1),
	(63141032,'2022-01-06',250,'mkeremhan@hotmail.com',177900,1);
      
      -- 6 --
   INSERT INTO Receipt(ReceiptID,ReceiptDate,ReceiptPayment,PurchaserEmail,ReceiptTicketID,AmountOfTicketsPurchased)

VALUES(73510053,'2022-03-12',40,'neomatrix@hotmail.com',456723,1),
	(30550123,'2022-03-15',40,'kaanozturk@hotmail.com',432023,1),
	(54305100,'2022-04-26',40,'ismailcipe@hotmail.com',702123,1),
	(76102304,'2022-04-27',40,'damianlillard@gmail.com',333567,1);
      
      -- 7 --
    INSERT INTO Receipt(ReceiptID,ReceiptDate,ReceiptPayment,PurchaserEmail,ReceiptTicketID,AmountOfTicketsPurchased)

VALUES(00531003,'2022-02-20',280,'maviteletabi@hotmail.com',173123,1),
	(60450301,'2022-02-22',280,'reggiejackson@hotmail.com',183123,1),
	(53315001,'2022-03-01',280,'Ldimitrescu@hotmail.com',193123,1),
	(53315002,'2022-03-01',280,'tusinabbasi@hotmail.com',103124,1);
      
     -- 8 --
 INSERT INTO Receipt(ReceiptID,ReceiptDate,ReceiptPayment,PurchaserEmail,ReceiptTicketID,AmountOfTicketsPurchased)

VALUES(59310595,'2021-12-20',40,'vledaputin@hotmail.com',179929,1),
	(53151362,'2021-12-20',40,'tusinabbasi@hotmail.com',123877,1),
	(51367721,'2021-12-22',40,'bekirmalik@hotmail.com',103890,1);


	-- 9 --
   INSERT INTO Receipt(ReceiptID,ReceiptDate,ReceiptPayment,PurchaserEmail,ReceiptTicketID,AmountOfTicketsPurchased)

VALUES(63123500,'2021-01-03',50,'reggiejackson@hotmail.com',101111,1),
	(54200042,'2021-01-02',50,'tatarusanu@hotmail.com',122222,1),
	(57502102,'2021-01-01',50,'Ldimitrescu@hotmail.com',144443,1),
	(58921999,'2021-01-01',50,'maviteletabi@hotmail.com',166663,1);

   -- 10 --
 INSERT INTO Receipt(ReceiptID,ReceiptDate,ReceiptPayment,PurchaserEmail,ReceiptTicketID,AmountOfTicketsPurchased)

VALUES(50310500,'2021-12-05',20,'Heisenberg@hotmail.com',903300,1),
    (92000032,'2021-12-10',20,'darkinaatrox@gmail.com',220011,1),
    (97011110,'2021-12-13',20,'lichking@hotmail.com',550060,1);



   -- 11 --
  INSERT INTO Receipt(ReceiptID,ReceiptDate,ReceiptPayment,PurchaserEmail,ReceiptTicketID,AmountOfTicketsPurchased)

VALUES(75444420,'2021-05-07',480,'literallyahand@hotmail.com',199993,1),
   (40350310,'2021-05-16',480,'ugurkaya@hotmail.com',313165,1),
   (24321125,'2021-05-20',480,'thewitcher@hotmail.com',071445,1),
   (20520520,'2021-05-25',480,'dancingbanana@hotmail.com',895310,1),
   (23254125,'2021-06-02',480,'brodixon@gmail.com',531531,1),
   (21312051,'2021-06-01',480,'Heisenberg@hotmail.com',761235,1),
   (53105130,'2021-06-03',480,'darkinaatrox@gmail.com',642510,1),
   (70512051,'2021-06-03',480,'lichking@hotmail.com',812385,1);
  
  
  -- 12 --
INSERT INTO Receipt(ReceiptID,ReceiptDate,ReceiptPayment,PurchaserEmail,ReceiptTicketID,AmountOfTicketsPurchased)

VALUES(75100420,'2021-06-12',180,'ugurkaya@hotmail.com',778877,1),
  (65120420,'2021-06-22',180,'Ldimitrescu@hotmail.com',999990,1),
  (55200210,'2021-06-25',180,'darkinaatrox@gmail.com',223366,1),
  (54050420,'2021-07-11',180,'lichking@hotmail.com',755555,1),
  (65120321,'2021-07-13',180,'thewitcher@hotmail.com',100405,1);
  
  -- 13 --
 INSERT INTO Receipt(ReceiptID,ReceiptDate,ReceiptPayment,PurchaserEmail,ReceiptTicketID,AmountOfTicketsPurchased)

VALUES(45310204,'2022-04-09',380,'tusinabbasi@hotmail.com',000315,1),
  (47056031,'2022-05-01',380,'ugurkaya@hotmail.com',631405,1),
  (45060606,'2022-05-02',380,'maviteletabi@hotmail.com',053156,1);


  -- 14 --
 INSERT INTO Receipt(ReceiptID,ReceiptDate,ReceiptPayment,PurchaserEmail,ReceiptTicketID,AmountOfTicketsPurchased)

VALUES(13251300,'2021-06-12',150,'tatarusanu@hotmail.com',631413,1),
 (15105123,'2021-06-12',150,'dancingbanana@hotmail.com',783241,1),
 (63140053,'2021-06-12',150,'Heisenberg@hotmail.com',503156,1),
 (76311005,'2021-06-12',150,'Ldimitrescu@hotmail.com',356931,1),
 (95210200,'2021-06-12',150,'klaythompson@hotmail.com',359130,1);
 
 
 -- 15 --
INSERT INTO Receipt(ReceiptID,ReceiptDate,ReceiptPayment,PurchaserEmail,ReceiptTicketID,AmountOfTicketsPurchased)

VALUES(03140052,'2022-01-05',35,'busraT@hotmail.com',603143,1),
 (06400021,'2022-01-06',35,'tusinabbasi@hotmail.com',503157,1),
 (51300500,'2022-01-06',35,'burakyilmaz@hotmail.com',141561,1),
 (05130512,'2022-01-06',35,'brodixon@gmail.com',531590,1),
 (64515100,'2022-01-15',35,'tatarusanu@hotmail.com',503151,1),
 (05305301,'2022-01-17',35,'mkeremhan@hotmail.com',501351,1),
 (00005135,'2022-01-18',35,'literallyahand@hotmail.com',762135,1),
 (05130513,'2022-01-19',35,'cjmccolum@hotmail.com',012431,1);


-- 16 --

INSERT INTO Receipt(ReceiptID,ReceiptDate,ReceiptPayment,PurchaserEmail,ReceiptTicketID,AmountOfTicketsPurchased)

VALUES(60310610,'2021-01-05',50,'karlanthonytowns@hotmail.com',012934,1),
(66666666,'2021-01-05',50,'goldlion@hotmail.com',604521,1),
(99999999,'2021-01-06',50,'tusinabbasi@hotmail.com',315130,1),
(00000100,'2021-01-06',50,'thewitcher@hotmail.com',043412,1),
(06000601,'2021-01-07',50,'alexandrucicaldau@hotmail.com',051356,1),
(00531005,'2021-01-07',50,'vledaputin@hotmail.com',053150,1),
(70401020,'2021-01-12',50,'bezginmete@hotmail.com',100000,1),
(42002205,'2021-01-13',50,'mehmetkarahanli@hotmail.com',200000,1),
(53015100,'2021-01-13',50,'squidgamer@hotmail.com',760234,1),
(60003103,'2021-01-14',50,'mariobros@hotmail.com',064060,1);


-- 17 --

INSERT INTO Receipt(ReceiptID,ReceiptDate,ReceiptPayment,PurchaserEmail,ReceiptTicketID,AmountOfTicketsPurchased)

VALUES(00500500,'2021-01-01',20,'tatarusanu@hotmail.com',070510,1),
(00900600,'2021-01-01',20,'cjmccolum@hotmail.com',108030,1),
(04616400,'2021-01-02',20,'karlanthonytowns@hotmail.com',180700,1);

INSERT INTO News(NewsTitle,NewsDescription)
VALUE('24."Istanbul Tiyatro Festivali", Bu Yil Her Yere Ulasiyor!','Istanbul Kultur Sanat Vakfi (IKSV) tarafindan duzenlenen 24. Istanbul Tiyatro Festivali, bu yil 14 Kasim - 1 Aralik tarihleri arasinda hem sahnelerde hem de çevrimiçi platformda tiyatroseverlerle bulusuyor.Bu yil yurtdisindan ve Turkiye"den toplam 29 tiyatro, dans ve performans toplulugunun gösterisini izleyicilerle bulusturacak festivalin Onur Ödulleri; dansçi, koreograf Geyvan McMillen, yönetmen Isil Kasapoglu ve Belçikali yönetmen Ivo van Hove"a sunuluyor.
Bu yil programinda hem fiziki hem de cevrimici performanslara yer veren festivalin fiziki performanslari COVID-19 önlemleri altinda DasDas, Fisekhane, Moda Sahnesi, Zorlu PSM, Harbiye Muhsin Ertugrul Sahnesi, Babylon, Yapi Kredi bomontiada, Caddebostan Kultur Merkezi, Surp Vortvots Vorodman Kilisesi gibi mekânlarda gerçeklesecek.
ilk kez tiyatroseverlere hem fiziki hem de çevrimici bir program sunan Istanbul Tiyatro Festivali bu yil izleyicilerini alisilmisin disinda bir festival deneyimi ile bulusturacak. “Podacto” yapimi iki farkli ses performansindan izleyicinin cesitli araçlarla dâhil olacagi interaktif yapimlara, seyirciyi Istiklal Caddesi"nin unutulmaya yuz tutmus mekânlarinda gezdiren ya da izleyicinin “ev”ini bir galeriye donusturen birçok ozgun proje bu yil festivalin programini zenginlestiriyor.
'),
('‘Pop’ zirvedeki yerini 2021’de de korudu','fizy kullanicilari; 2021 yilinda en fazla Pop, Rap, En Iyiler/Best Of, Yeni Çikan Albumler, Yöresel/Ülkesel, Oldies ve Melankolik kategorilerini dinledi. 35 milyondan fazla tekil sarkinin yani sira özenle olusturulan listeler de yogun ilgi gördu. 2021’de en çok ‘Karisik Kaset’, ‘En Yeniler (Yerli)’, ‘fizy Top 50 Yerli’, ‘Haftalik Kesif Listesi’, ‘fizy Pop’, ‘Populer Trend’, ‘Gunun Listesi’, ‘En Yeniler (Yabanci)’, ‘Top 50 Unutulmaz Sarkilar Yerli’ ve ‘fizy Top 50 Yabanci’ listeleri dinlendi.
 2021 yilinda fizy’i tercih eden muziksever sehirler arasinda Istanbul basta yer alirken, Istanbul’u sirasiyla Ankara, Konya, Izmir, Adana, Bursa, Antalya, Diyarbakir, Gaziantep ve Kayseri takip etti.'),
('Teoman"in biletleri tukendi','Teoman, biletleri gunler öncesinden tukenen Zorlu PSM Turkcell Platinum Sahnesi"ndeki konseri ile kis performanslarina basladi
Teoman, 2021-2022 konserlerinin Istanbul performansi için dun gece Zorlu PSM Turkcell Platinum sahnesindeydi. Ünlu sanatçinin konserinin biletleri gunler öncesinde tukendi.
Geceye bir klasik olan "N"apim Tabiatim Böyle" ile baslayan Teoman, "Istanbul’da Sonbahar", "Dus", "Ruhun Sarisin" "Papatya" ve "Gönulçelen" gibi hitlerinin yani sira kariyerinde yer etmis coverlari ile konserine devam etti.'),
('Selami Sahin"den yilin son konserleri!','Turk muziginin duayen sanatçisi Selami Sahin, konserleri ile 2022 yilini surprizlerle karsilamaya hazirlaniyor
Geçtigimiz gunlerde Kadiköy, Moda"da dinleyicileriyle bulusan Selami Sahin, 24 Aralik Cumartesi aksami da Askin Nur Yengi ile Maslak"taki bir mekanda sahne alacak.2022 için geri sayimi Antalya, Nirvana Cosmopolitan Otel"de yapacak olan Sahin, sarkilarini SemiJazz orkestrasi esliginde muzikseverler ile hep bir agizdan söyleyecek. Usta sanatçi, ayrica 2022 yilinin ilk aylarinda sevenleriyle paylasacagi yeni projelerinin hazirligi içinde çalismalarini surduruyor.');

SELECT * FROM LoginType;
SELECT * FROM User;
SELECT * FROM Company;
SELECT * FROM Event;
SELECT * FROM Ticket;
SELECT * FROM Receipt;
SELECT * FROM News;
