


INSERT INTO LoginType(loginEmail,loginPassword,isCompany)
VALUES('ugurkaya@hotmail.com','12241212',False),
	  ('mkeremhan@hotmail.com', '3151355',False),
      ('busraT@hotmail.com', '5251355',False),
      ('bekirmalik@hotmail.com','6546546',False),
	  ('damianlillard@gmail.com', '45123231',False),
      ('klaythompson@hotmail.com', '545432',False),
      ('reggiejackson@hotmail.com','54213',False),
	  ('burakyilmaz@hotmail.com', '6545431',False),
      ('ismailcipe@hotmail.com', '785634',False),
      ('alexandrucicaldau@hotmail.com','564321',False),
	  ('ibrahimtatlises@gmail.com', '54687',False),
      ('karlanthonytowns@hotmail.com', '231354',False),
      ('bezginmete@hotmail.com','321354',False),
	  ('maviteletabi@hotmail.com', '5453872',False),
      ('Ldimitrescu@hotmail.com', '5452318',False),
      ('Heisenberg@hotmail.com','56412354',False),
	  ('dancingbanana@hotmail.com', '654531',False),
      ('literallyahand@hotmail.com', '321354',False),
      ('theboys@hotmail.com','315621',False),
	  ('tatarusanu@hotmail.com', '23156341',False),
      ('brodixon@gmail.com', '4545645',False),
      ('lichking@hotmail.com','2312345',False),
	  ('neomatrix@hotmail.com', 'das32d1a',False),
      ('assassinboyz@hotmail.com', '45dsad6',False),
      ('tatumjayson@hotmail.com','564dsad',False),
	  ('mariobros@hotmail.com', 'asd4132',False),
      ('cjmccolum@hotmail.com', 'as54d',False),
      ('tusinabbasi@hotmail.com','qwe132',False),
	  ('goldlion@hotmail.com', 'ewq2322',False),
      ('thewitcher@hotmail.com', 'eqw789',False),
      ('darkinaatrox@gmail.com','12d3as',False),
	  ('mehmetkarahanli@hotmail.com', '23eqw1',False),
	  ('vledaputin@hotmail.com', '13e2qw',False),
      ('squidgamer@hotmail.com', '1564qwe',False),
      ('kaanozturk@hotmail.com','13332',False),
	  ('berkercerker@hotmail.com', 'adadada',False),
      ('childetartaglia@hotmail.com', '3535hehe35',False),
      ('sinanengin@gmail.com','sinanengin',False),
	  ('onurcansh@gmail.com', '34346734',False),
      ('romanoffnatasha@gmail.com', '323232put',False),
      ('riotgames@hotmail.com','222111adsc',True),
	  ('NBAFaculties@hotmail.com', '313434',True),
      ('twitchHQ@hotmail.com', '545654asd',True),
      ('RedbullEnterprises@hotmail.com','2135sa',True),
	  ('WWEEnterprises@gmail.com', '12d3asdunder',True),
      ('KulturIstanbul@hotmail.com', '123asd2',True),
      ('RockNCoke@hotmail.com','564dasasd',True),
	  ('PSMLovesSummer@gmail.com', '123das1d',True),
      ('TurkiyeTiyatrolar@hotmail.com', '12das3d',True),
      ('FıkralarlaTurkiye@hotmail.com','3dasd4',True); ;
      

INSERT INTO User(email,username,fname,lname,isBanned,isAdminstrator)
VALUES('ugurkaya@hotmail.com','UurK','Ugur','Kaya',False,False),
	  ('mkeremhan@hotmail.com','MKeremH','Mehmet Keremhan','Yilmaz',False,False),
      ('busraT@hotmail.com','BusraNT','Busra Nur','Tekin',False,False),
      ('bekirmalik@hotmail.com','BekirM','Bekir Malik','Ozkuran',False,False),
	  ('damianlillard@gmail.com','DameTime','Damian','Lillard',False,False),
      ('klaythompson@hotmail.com','SplashBro','Klay','Thompson',False,False),
      ('reggiejackson@hotmail.com','ScarryR','Reggie','Jackson',False,False),
	  ('burakyilmaz@hotmail.com','BurakKing','Burak','Yılmaz',False,False),
      ('ismailcipe@hotmail.com','Nargileci50','Ismail','Cipe',False,False),
      ('alexandrucicaldau@hotmail.com','Cica','Alexandru','Cicaldau',False,False),
	  ('ibrahimtatlises@gmail.com','IboT','İbrahim','Tatlıses',False,False),
      ('karlanthonytowns@hotmail.com','KAT','Karl Anthony','Towns',False,False),
      ('bezginmete@hotmail.com','BezginM','Bezgin','Mete',False,False),
	  ('maviteletabi@hotmail.com','BTeletubby','Mavi','Teletabi',False,False),
      ('Ldimitrescu@hotmail.com','CountessA','Alcina','Dimitrescu',False,False),
      ('Heisenberg@hotmail.com','Heisenberg','Karl','Heisenberg',False,False),
	  ('dancingbanana@hotmail.com','DancingB','Dancing','Banana',False,False),
      ('literallyahand@hotmail.com','LHand','Literally','Hand',False,False),
      ('theboys@hotmail.com','Billy','TheBoy','Butcher',False,False),
	  ('tatarusanu@hotmail.com','GKRaast','Raast','Tatarusanu',False,False),
      ('brodixon@gmail.com','DixonDaryl','Darly','Dixon',False,False),
      ('lichking@hotmail.com','TheLichKing','Arthas','Menenthil',False,False),
	  ('neomatrix@hotmail.com','JohnWick','Keanu','Reeves',False,False),
      ('assassinboyz@hotmail.com','GrandAssassin','Ezio','Auditore',False,False),
      ('tatumjayson@hotmail.com','TheJayy','Jayson','Tatum',False,False),
	  ('mariobros@hotmail.com','SuperMario', 'Mario','Mario',False,False),
      ('cjmccolum@hotmail.com','theCJ', 'CJ','Mccolum',False,False),
      ('tusinabbasi@hotmail.com','TusinA','Tusin','Abbasi',False,False),
	  ('goldlion@hotmail.com','TheLannister','Tywin','Lannister',False,False),
      ('thewitcher@hotmail.com','GeraltOfRivia','Henry','Cavill',False,False),
      ('darkinaatrox@gmail.com','WorldEnder','Aatrox','Darkin',False,False),
	  ('mehmetkarahanli@hotmail.com','Baron','Mehmet','Karahanli',False,False),
	  ('vledaputin@hotmail.com','VledaP','Vleda','Putin',False,False),
      ('squidgamer@hotmail.com','RedHair', 'Lee','Jung-jae',False,False),
      ('kaanozturk@hotmail.com','KaanOz','Kaan','Ozturk',False,False),
	  ('berkercerker@hotmail.com','CerkerBerker','Berker','Cerker',False,True),
      ('childetartaglia@hotmail.com','EleventhHarbinger','Tartaglia','Childe',False,True),
      ('sinanengin@gmail.com','sinanengin','Sinan','Engin',False,True),
	  ('onurcansh@gmail.com','ocsh' ,'Onurcan','Sahin',True,False),
      ('romanoffnatasha@gmail.com','BlackWidow','Natasha','Romanoff',True,False);
      


INSERT INTO Company(CompanyEmail,CompanyName,CompanyAdress,CompanyPhone)
VALUES('riotgames@hotmail.com','Riot Games','Merdivenkoy Kadıkoy Istanbul','05553450019'),
      ('NBAFaculties@hotmail.com','NBA','Çekmekoy Tasdelen Istanbul','05652153211'),
      ('twitchHQ@hotmail.com','Twitch','Sile Istanbul','05543450432'),
      ('RedbullEnterprises@hotmail.com','Redbull','Uskudar Unalan Mahallesi Libadiye Caddesi Istanbul','05423455012'),
      ('WWEEnterprises@gmail.com','WWE','Cekmekoy Madenler Istanbul','05333452212'),
      ('KulturIstanbul@hotmail.com','Kultur Istanbul','Zeytinburnu Istanbul','05143566019'),
      ('RockNCoke@hotmail.com','Rock n Coke','Taksim Istanbul','05453450077'),
      ('PSMLovesSummer@gmail.com','PSMLovesSummer','Kadıkoy Istanbul','05533351910'),
      ('TurkiyeTiyatrolar@hotmail.com','Turkiye Tiyatro Derneği','Etimesgut Ankara','05543557615'),
      ('FıkralarlaTurkiye@hotmail.com','Tiyatro Trabzon','Akçaabat Trabzon','05526450044');
      


INSERT INTO Event(idEvent,ECompanyEmail,EventName,EventPrice,EventDate,EventDescription,EventLocation,EventNoLongerPurchasable,EventCapacity)
VALUES(123124,'riotgames@hotmail.com','TBF Final',80,2021-12-24,'TBF Finalinde Takimlar kozlarini paylasiyor!Galatasaray Esports ve NASR Esports Karsi karsiya! Simdi biletlerini alin','Barbaros, 34746 Atasehir/İstanbul',False,200),
(125124,'NBAFaculties@hotmail.com','NBA Istanbul"da!',150,2022-01-21,'NBA Gosteri macı Istanbulda sahne aliyor! Houston Rockets ve Brooklyn Nets karsı karsıya, hem de Istanbulda!','Kazlıcesme, 34020 Zeytinburnu/İstanbul',False,20000),
(146124,'NBAFaculties@hotmail.com','NBA Istanbul"da!',150,2021-01-23,'NBA Gosteri macı Istanbulda sahne aliyor! Minnesota Timberwolves ve Los Angeles Lakers karsi karsiya, hem de Istanbulda','Kazlicesme, 34020 Zeytinburnu/Istanbul',False,20000),
(154124,'twitchHQ@hotmail.com','Streamer Bulusması',50,2022-01-05,'Favori streameriniz ile bu bulusmada tanisma firsati edinin!','Cumhuriyet Mahallesi, Hadımköy Yolu 9/1, 34500 Büyükcekmece/Esenyurt/Istanbul',False,500),
(147124,'RedbullEnterprises@hotmail.com','Gosteri Yarısı',250,2021-02-19,'Dunyanın en iyi pilotları Istanbul Parkta gosteri yarisinda kozlarini paylasiyor! Hemen biletlerinizi alın!','Akfirat, Gocbeyli Bv No:1, 34959 Tuzla/Istanbul',False,30000),
(134124,'RedbullEnterprises@hotmail.com','Drone Yarısı Turnuvası',40,2022-05-15,'Drone Yarısı tüm hızıyla devam ediyor! Redbull sponsorluğunda heyecana ortak ol!','Ortamahalle Topkapi Maltepe Caddesi Canayakin Sitesi A blok No 6 34040 Bayrampaşa / Istanbul',False,1000),
(111124,'WWEEnterprises@gmail.com','WWE Turkiye Undertaker vs Rey Mysterio',280,2022-03-04,'Guresin super yildizlari karsi karsiya! Sen de bu muhtesem karsilasmaya ortak ol!','Maltepe Orhangazi Sehir Parki',False,1500),
(166124,'KulturIstanbul@hotmail.com','Delibo Tiyatro',40,2021-12-28,'Kaybolmus bir gencliğin hikayesini anlatan Delibo isimli oyun simdi sahnelerde.','Ataköy 7-8-9-10, E5 Karayolu Üzeri Atakoy Yerleskesi, 34158 Bakirkoy',False,250),
(177124,'KulturIstanbul@hotmail.com','Romeo ve Juliet',50,2021-01-05,'Klasik ve unutulmaz tiyatro simdi Istanbul Kultur sahnelerinde!','Ataköy 7-8-9-10, E5 Karayolu Uzeri Ataköy Yerleşkesi, 34158 Bakırkoy',False,250),
(108124,'KulturIstanbul@hotmail.com','Rapunzel ve Beyazatlı Prens’',20,2021-12-29,'Cocuklariniz icin masallar alemine bir kesif! Klasik masal simdi Istanbul Kultur sahnelerinde!','Atakoy 7-8-9-10, E5 Karayolu Uzeri Atakoy Yerleskesi, 34158 Bakırkoy',False,250),
(199124,'RockNCoke@hotmail.com','Metallica',480,2021-06-12,'Efsanevi grup Metallica tekrar Istanbulda! Tukenmeden hemen biletlerinizi Biletbiz"den kapin!','Aydinevler Siteler Yolu No:28. Kat:3 Hilltown AVM Kucukyali / Istanbul',True,15000),
(120124,'RockNCoke@hotmail.com','Orden Ogan',180,2021-07-22,'Alman power metal grubu Orden Ogan Istanbulda! Hemen biletlerinizi Biletbiz"den kapin!','Aydinevler Siteler Yolu No:28. Kat:3 Hilltown AVM Kucukyali / Istanbul',False,15000),
(156150,'PSMLovesSummer@gmail.com','Artic Monkeys',380,2022-05-03,'Artic Monkeys Turkiye"de! Tukenmeden biletlerinizi kapin!','Zorlu Center, Levazım Mah. Koru Sok. No:2/PSM/70 Zincirlikuyu, Besiktas / Istanbul',True,2200),
(123020,'PSMLovesSummer@gmail.com','Ebru Gundes Konseri',150,2021-04-27,'Ebru Gundes! Basarili sarkici sahnede biletler Biletbiz"de!','Istanbul Buyuksehir Belediyesi Harbiye Cemil Topuzlu Acikhava Tiyatrosu',False,3900),
(144001,'TurkiyeTiyatrolar@hotmail.com','Midas"in Altinlari',35,2022-02-01,'Kariyerinde en üst noktaya gelmiş bir adamın bitmek bilmeyen tutkuları onu bir seçim yapmaya zorlanan bir adamin hikayesi.','Plevne Mah. Babur Cad. No:40 Altindağ / Ankara',False,150),
(149039,'TurkiyeTiyatrolar@hotmail.com','Bir Baba Hamlet',50,2022-01-17,'"Bir Baba Hamlet", tiyatro yapma aşkının basdondurucu guzelligi ile aptallastırıcı buyusune ayna tutuyor.','Caferaga Mah. Bahariye Cad. Sakizgulu Sok.No 31/37 Kadikoy/Istanbul',False,100),
(190137,'FıkralarlaTurkiye@hotmail.com','Medyum',20,2022-01-03,'Keyifli bir cinayet gizemi macerası. Bir cok komik supheli, beklenmedik kıvrımlar ve donusler… Şimdi biletlerini alın!','Gulbaharhatun, Senol Gunes Cd. No:17, 61040 Trabzon Merkez/Trabzon',False,220);

INSERT INTO Ticket(TicketID,seat,TUserEmail,idEventID)
VALUES(031523,52,'ugurkaya@hotmail.com',123124),
(351351,152,'damianlillard@gmail.com',123124),
(413445,252,'klaythompson@hotmail.com',123124),
(534152,53,'reggiejackson@hotmail.com',123124),
(134134,54,'alexandrucicaldau@hotmail.com',123124),
(351531,55,'karlanthonytowns@hotmail.com',123124),
(351513,56,'tatumjayson@hotmail.com',123124),
(123120,151,'darkinaatrox@gmail.com',123124),
(123121,150,'mehmetkarahanli@hotmail.com',123124),
(103123,253,'damianlillard@gmail.com',146124),
(169123,353,'klaythompson@hotmail.com',146124),
(131131,12,'reggiejackson@hotmail.com',146124),
(100126,13,'alexandrucicaldau@hotmail.com',146124),
(123008,14,'tatumjayson@hotmail.com',146124),
(531453,59,'karlanthonytowns@hotmail.com',146124),
(148023,5,'mkeremhan@hotmail.com',154124),
(163189,6,'busraT@hotmail.com',154124),
(783123,7,'bekirmalik@hotmail.com',154124),
(103100,8,'literallyahand@hotmail.com',154124),
(175600,9,'thewitcher@hotmail.com',154124),
(172423,10,'cjmccolum@hotmail.com',154124),
(177992,11,'goldlion@hotmail.com',154124),
(199990,12,'dancingbanana@hotmail.com',154124),
(146793,25,'ugurkaya@hotmail.com',147124),
(174733,27,'Ldimitrescu@hotmail.com',147124),
(176443,28,'reggiejackson@hotmail.com',147124),
(163723,29,'ibrahimtatlises@gmail.com',147124),
(140003,35,'burakyilmaz@hotmail.com',147124),
(100003,42,'tatarusanu@hotmail.com',147124),
(147620,43,'bekirmalik@hotmail.com',147124),
(177900,45,'mkeremhan@hotmail.com',147124),
(456723,null,'neomatrix@hotmail.com',134124),
(432023,null,'kaanozturk@hotmail.com',134124),
(702123,null,'ismailcipe@hotmail.com',134124),
(333567,null,'damianlillard@gmail.com',134124),
(173123,14,'maviteletabi@hotmail.com',111124),
(183123,12,'reggiejackson@hotmail.com',111124),
(193123,18,'Ldimitrescu@hotmail.com',111124),
(103124,20,'tusinabbasi@hotmail.com',111124),
(179929,21,'vledaputin@hotmail.com',166124),
(123877,22,'tusinabbasi@hotmail.com',166124),
(103890,25,'bekirmalik@hotmail.com',166124),
(101111,30,'reggiejackson@hotmail.com',177124),
(122222,35,'tatarusanu@hotmail.com',177124),
(144443,60,'Ldimitrescu@hotmail.com',177124),
(166663,70,'maviteletabi@hotmail.com',177124),
(199993,null,'literallyahand@hotmail.com',199124),
(313165,null,'ugurkaya@hotmail.com',199124),
(071445,null,'thewitcher@hotmail.com',199124),
(895310,null,'dancingbanana@hotmail.com',199124),
(531531,null,'brodixon@gmail.com',199124),
(761235,null,'Heisenberg@hotmail.com',199124),
(642510,null,'darkinaatrox@gmail.com',199124),
(812385,null,'lichking@hotmail.com',199124),
(000315,25,'tusinabbasi@hotmail.com',156150),
(631405,27,'ugurkaya@hotmail.com',156150),
(053156,35,'maviteletabi@hotmail.com',156150),
(631413,60,'tatarusanu@hotmail.com',123020),
(783241,65,'dancingbanana@hotmail.com',123020),
(503156,66,'Heisenberg@hotmail.com',123020),
(356931,67,'Ldimitrescu@hotmail.com',123020),
(359130,68,'klaythompson@hotmail.com',123020),
(603143,70,'busraT@hotmail.com',144001),
(503157,3,'tusinabbasi@hotmail.com',144001),
(141561,25,'burakyilmaz@hotmail.com',144001),
(531590,22,'brodixon@gmail.com',144001),
(503151,15,'tatarusanu@hotmail.com',144001),
(501351,17,'mkeremhan@hotmail.com',144001),
(762135,16,'literallyahand@hotmail.com',144001),
(012431,35,'cjmccolum@hotmail.com',144001),
(012934,18,'karlanthonytowns@hotmail.com',149039),
(604521,21,'goldlion@hotmail.com',149039),
(315130,24,'tusinabbasi@hotmail.com',149039),
(043412,35,'thewitcher@hotmail.com',149039),
(051356,40,'alexandrucicaldau@hotmail.com',149039),
(053150,41,'vledaputin@hotmail.com',149039),
(100000,42,'bezginmete@hotmail.com',149039),
(200000,43,'mehmetkarahanli@hotmail.com',149039),
(760234,45,'squidgamer@hotmail.com',149039),
(064060,51,'mariobros@hotmail.com',149039),
(070510,50,'tatarusanu@hotmail.com',190137),
(108030,16,'cjmccolum@hotmail.com',190137),
(180700,12,'karlanthonytowns@hotmail.com',190137);



SELECT * FROM LoginType;
SELECT * FROM User;
SELECT * FROM Company;
SELECT * FROM Event;
SELECT * FROM Ticket;