


INSERT INTO LoginType(loginEmail,loginPassword,isCompany)
VALUES('ugurkaya@hotmail.com','12241212',False),
	  ('mkeremhan@hotmail.com', '3151355',False),
      ('busraT@hotmail.com', '5251355',False),
      ('bekirmalik@hotmail.com','6546546',False),
	  ('damianlillard@gmail.com', '45123231',False),
      ('klaythompson@hotmail.com', '545432',False),
      ('reggiejackson@hotmail.com','54213',False),
	  ('burakyilmaz@hotmail.com', '6545431',False),
      ('ismailcipe@hotmail.com', '785634',False),
      ('alexandrucicaldau@hotmail.com','564321',False),
	  ('ibrahimtatlises@gmail.com', '54687',False),
      ('karlanthonytowns@hotmail.com', '231354',False),
      ('bezginmete@hotmail.com','321354',False),
	  ('maviteletabi@hotmail.com', '5453872',False),
      ('Ldimitrescu@hotmail.com', '5452318',False),
      ('Heisenberg@hotmail.com','56412354',False),
	  ('dancingbanana@hotmail.com', '654531',False),
      ('literallyahand@hotmail.com', '321354',False),
      ('theboys@hotmail.com','315621',False),
	  ('tatarusanu@hotmail.com', '23156341',False),
      ('brodixon@gmail.com', '4545645',False),
      ('lichking@hotmail.com','2312345',False),
	  ('neomatrix@hotmail.com', 'das32d1a',False),
      ('assassinboyz@hotmail.com', '45dsad6',False),
      ('tatumjayson@hotmail.com','564dsad',False),
	  ('mariobros@hotmail.com', 'asd4132',False),
      ('cjmccolum@hotmail.com', 'as54d',False),
      ('tusinabbasi@hotmail.com','qwe132',False),
	  ('goldlion@hotmail.com', 'ewq2322',False),
      ('thewitcher@hotmail.com', 'eqw789',False),
      ('darkinaatrox@gmail.com','12d3as',False),
	  ('mehmetkarahanli@hotmail.com', '23eqw1',False),
	  ('vledaputin@hotmail.com', '13e2qw',False),
      ('squidgamer@hotmail.com', '1564qwe',False),
      ('kaanozturk@hotmail.com','13332',False),
	  ('berkercerker@hotmail.com', 'adadada',False),
      ('childetartaglia@hotmail.com', '3535hehe35',False),
      ('sinanengin@gmail.com','sinanengin',False),
	  ('onurcansh@gmail.com', '34346734',False),
      ('romanoffnatasha@gmail.com', '323232put',False),
      ('riotgames@hotmail.com','222111adsc',True),
	  ('NBAFaculties@hotmail.com', '313434',True),
      ('twitchHQ@hotmail.com', '545654asd',True),
      ('RedbullEnterprises@hotmail.com','2135sa',True),
	  ('WWEEnterprises@gmail.com', '12d3asdunder',True),
      ('KulturIstanbul@hotmail.com', '123asd2',True),
      ('RockNCoke@hotmail.com','564dasasd',True),
	  ('PSMLovesSummer@gmail.com', '123das1d',True),
      ('TurkiyeTiyatrolar@hotmail.com', '12das3d',True),
      ('FikralarlaTurkiye@hotmail.com','3dasd4',True); ;
      

INSERT INTO User(email,username,fname,lname,isBanned,isAdminstrator)
VALUES('ugurkaya@hotmail.com','UurK','Ugur','Kaya',False,False),
	  ('mkeremhan@hotmail.com','MKeremH','Mehmet Keremhan','Yilmaz',False,False),
      ('busraT@hotmail.com','BusraNT','Busra Nur','Tekin',False,False),
      ('bekirmalik@hotmail.com','BekirM','Bekir Malik','Ozkuran',False,False),
	  ('damianlillard@gmail.com','DameTime','Damian','Lillard',False,False),
      ('klaythompson@hotmail.com','SplashBro','Klay','Thompson',False,False),
      ('reggiejackson@hotmail.com','ScarryR','Reggie','Jackson',False,False),
	  ('burakyilmaz@hotmail.com','BurakKing','Burak','Yilmaz',False,False),
      ('ismailcipe@hotmail.com','Nargileci50','Ismail','Cipe',False,False),
      ('alexandrucicaldau@hotmail.com','Cica','Alexandru','Cicaldau',False,False),
	  ('ibrahimtatlises@gmail.com','IboT','İbrahim','Tatlises',False,False),
      ('karlanthonytowns@hotmail.com','KAT','Karl Anthony','Towns',False,False),
      ('bezginmete@hotmail.com','BezginM','Bezgin','Mete',False,False),
	  ('maviteletabi@hotmail.com','BTeletubby','Mavi','Teletabi',False,False),
      ('Ldimitrescu@hotmail.com','CountessA','Alcina','Dimitrescu',False,False),
      ('Heisenberg@hotmail.com','Heisenberg','Karl','Heisenberg',False,False),
	  ('dancingbanana@hotmail.com','DancingB','Dancing','Banana',False,False),
      ('literallyahand@hotmail.com','LHand','Literally','Hand',False,False),
      ('theboys@hotmail.com','Billy','TheBoy','Butcher',False,False),
	  ('tatarusanu@hotmail.com','GKRaast','Raast','Tatarusanu',False,False),
      ('brodixon@gmail.com','DixonDaryl','Darly','Dixon',False,False),
      ('lichking@hotmail.com','TheLichKing','Arthas','Menenthil',False,False),
	  ('neomatrix@hotmail.com','JohnWick','Keanu','Reeves',False,False),
      ('assassinboyz@hotmail.com','GrandAssassin','Ezio','Auditore',False,False),
      ('tatumjayson@hotmail.com','TheJayy','Jayson','Tatum',False,False),
	  ('mariobros@hotmail.com','SuperMario', 'Mario','Mario',False,False),
      ('cjmccolum@hotmail.com','theCJ', 'CJ','Mccolum',False,False),
      ('tusinabbasi@hotmail.com','TusinA','Tusin','Abbasi',False,False),
	  ('goldlion@hotmail.com','TheLannister','Tywin','Lannister',False,False),
      ('thewitcher@hotmail.com','GeraltOfRivia','Henry','Cavill',False,False),
      ('darkinaatrox@gmail.com','WorldEnder','Aatrox','Darkin',False,False),
	  ('mehmetkarahanli@hotmail.com','Baron','Mehmet','Karahanli',False,False),
	  ('vledaputin@hotmail.com','VledaP','Vleda','Putin',False,False),
      ('squidgamer@hotmail.com','RedHair', 'Lee','Jung-jae',False,False),
      ('kaanozturk@hotmail.com','KaanOz','Kaan','Ozturk',False,False),
	  ('berkercerker@hotmail.com','CerkerBerker','Berker','Cerker',False,True),
      ('childetartaglia@hotmail.com','EleventhHarbinger','Tartaglia','Childe',False,True),
      ('sinanengin@gmail.com','sinanengin','Sinan','Engin',False,True),
	  ('onurcansh@gmail.com','ocsh' ,'Onurcan','Sahin',True,False),
      ('romanoffnatasha@gmail.com','BlackWidow','Natasha','Romanoff',True,False);
      


INSERT INTO Company(CompanyEmail,CompanyName,CompanyAdress,CompanyPhone)
VALUES('riotgames@hotmail.com','Riot Games','Merdivenkoy Kadikoy Istanbul','05553450019'),
      ('NBAFaculties@hotmail.com','NBA','Çekmekoy Tasdelen Istanbul','05652153211'),
      ('twitchHQ@hotmail.com','Twitch','Sile Istanbul','05543450432'),
      ('RedbullEnterprises@hotmail.com','Redbull','Uskudar Unalan Mahallesi Libadiye Caddesi Istanbul','05423455012'),
      ('WWEEnterprises@gmail.com','WWE','Cekmekoy Madenler Istanbul','05333452212'),
      ('KulturIstanbul@hotmail.com','Kultur Istanbul','Zeytinburnu Istanbul','05143566019'),
      ('RockNCoke@hotmail.com','Rock n Coke','Taksim Istanbul','05453450077'),
      ('PSMLovesSummer@gmail.com','PSMLovesSummer','Kadikoy Istanbul','05533351910'),
      ('TurkiyeTiyatrolar@hotmail.com','Turkiye Tiyatro Dernegi','Etimesgut Ankara','05543557615'),
      ('FikralarlaTurkiye@hotmail.com','Tiyatro Trabzon','Akcaabat Trabzon','05526450044');
      


INSERT INTO Event(idEvent,ECompanyEmail,EventName,EventPrice,EventDate,EventDescription,EventLocation,EventNoLongerPurchasable,EventCapacity)
VALUES(123124,'riotgames@hotmail.com','TBF Final',80,'2021-12-24','TBF Finalinde Takimlar kozlarini paylasiyor!Galatasaray Esports ve NASR Esports Karsi karsiya! Simdi biletlerini alin','Barbaros, 34746 Atasehir/İstanbul',False,200),

(125124,'NBAFaculties@hotmail.com','NBA Istanbul"da!',150,'2022-01-21','NBA Gosteri maci Istanbulda sahne aliyor! Houston Rockets ve Brooklyn Nets karsi karsiya, hem de Istanbulda!','Kazlıcesme, 34020 Zeytinburnu/İstanbul',False,20000),
(146124,'NBAFaculties@hotmail.com','NBA Istanbul"da!',150,'2021-01-23','NBA Gosteri maci Istanbulda sahne aliyor! Minnesota Timberwolves ve Los Angeles Lakers karsi karsiya, hem de Istanbulda','Kazlicesme, 34020 Zeytinburnu/Istanbul',False,20000),

(154124,'twitchHQ@hotmail.com','Streamer Bulusmasi',50,'2022-01-05','Favori streameriniz ile bu bulusmada tanisma firsati edinin!','Cumhuriyet Mahallesi, Hadımköy Yolu 9/1, 34500 Büyükcekmece/Esenyurt/Istanbul',False,500),

(147124,'RedbullEnterprises@hotmail.com','Gosteri Yarisi',250,'2021-02-19','Dunyanın en iyi pilotları Istanbul Parkta gosteri yarisinda kozlarini paylasiyor! Hemen biletlerinizi alın!','Akfirat, Gocbeyli Bv No:1, 34959 Tuzla/Istanbul',False,30000),
(134124,'RedbullEnterprises@hotmail.com','Drone Yarisi Turnuvasi',40,'2022-05-15','Drone Yarisi tüm hiziyla devam ediyor! Redbull sponsorluğunda heyecana ortak ol!','Ortamahalle Topkapi Maltepe Caddesi Canayakin Sitesi A blok No 6 34040 Bayrampaşa / Istanbul',False,1000),

(111124,'WWEEnterprises@gmail.com','WWE Turkiye Undertaker vs Rey Mysterio',280,'2022-03-04','Guresin super yildizlari karsi karsiya! Sen de bu muhtesem karsilasmaya ortak ol!','Maltepe Orhangazi Sehir Parki',False,1500),

(166124,'KulturIstanbul@hotmail.com','Delibo Tiyatro',40,'2021-12-28','Kaybolmus bir gencliğin hikayesini anlatan Delibo isimli oyun simdi sahnelerde.','Ataköy 7-8-9-10, E5 Karayolu Üzeri Atakoy Yerleskesi, 34158 Bakirkoy',False,250),
(177124,'KulturIstanbul@hotmail.com','Romeo ve Juliet',50,'2021-01-05','Klasik ve unutulmaz tiyatro simdi Istanbul Kultur sahnelerinde!','Ataköy 7-8-9-10, E5 Karayolu Uzeri Ataköy Yerleşkesi, 34158 Bakırkoy',False,250),
(108124,'KulturIstanbul@hotmail.com','Rapunzel ve Beyazatli Prens',20,'2021-12-29','Cocuklariniz icin masallar alemine bir kesif! Klasik masal simdi Istanbul Kultur sahnelerinde!','Atakoy 7-8-9-10, E5 Karayolu Uzeri Atakoy Yerleskesi, 34158 Bakırkoy',False,250),

(199124,'RockNCoke@hotmail.com','Metallica',480,'2021-06-12','Efsanevi grup Metallica tekrar Istanbulda! Tukenmeden hemen biletlerinizi Biletbiz"den kapin!','Aydinevler Siteler Yolu No:28. Kat:3 Hilltown AVM Kucukyali / Istanbul',True,15000),
(120124,'RockNCoke@hotmail.com','Orden Ogan',180,'2021-07-22','Alman power metal grubu Orden Ogan Istanbulda! Hemen biletlerinizi Biletbiz"den kapin!','Aydinevler Siteler Yolu No:28. Kat:3 Hilltown AVM Kucukyali / Istanbul',False,15000),

(156150,'PSMLovesSummer@gmail.com','Arctic Monkeys',380,'2022-05-03','Arctic Monkeys Turkiye"de! Tukenmeden biletlerinizi kapin!','Zorlu Center, Levazım Mah. Koru Sok. No:2/PSM/70 Zincirlikuyu, Besiktas / Istanbul',True,2200),
(123020,'PSMLovesSummer@gmail.com','Ebru Gundes Konseri',150,'2021-04-27','Ebru Gundes! Basarili sarkici sahnede biletler Biletbiz"de!','Istanbul Buyuksehir Belediyesi Harbiye Cemil Topuzlu Acikhava Tiyatrosu',False,3900),

(144001,'TurkiyeTiyatrolar@hotmail.com','Midas"in Altinlari',35,'2022-02-01','Kariyerinde en üst noktaya gelmiş bir adamın bitmek bilmeyen tutkuları onu bir seçim yapmaya zorlanan bir adamin hikayesi.','Plevne Mah. Babur Cad. No:40 Altindağ / Ankara',False,150),
(149039,'TurkiyeTiyatrolar@hotmail.com','Bir Baba Hamlet',50,'2022-01-17','"Bir Baba Hamlet", tiyatro yapma askının basdondurucu guzelligi ile aptallastırıcı buyusune ayna tutuyor.','Caferaga Mah. Bahariye Cad. Sakizgulu Sok.No 31/37 Kadikoy/Istanbul',False,100),

(190137,'FikralarlaTurkiye@hotmail.com','Medyum',20,'2022-01-03','Keyifli bir cinayet gizemi macerası. Bir cok komik supheli, beklenmedik kivrimlar ve donusler… Şimdi biletlerini alın!','Gulbaharhatun, Senol Gunes Cd. No:17, 61040 Trabzon Merkez/Trabzon',False,220);



INSERT INTO Ticket(TicketID,seat,TUserEmail,idEventID)

-- 1 --
VALUES(031523,52,'ugurkaya@hotmail.com',123124),
(351351,152,'damianlillard@gmail.com',123124),
(413445,252,'klaythompson@hotmail.com',123124),
(534152,53,'reggiejackson@hotmail.com',123124),
(134134,54,'alexandrucicaldau@hotmail.com',123124),
(351531,55,'karlanthonytowns@hotmail.com',123124),
(351513,56,'tatumjayson@hotmail.com',123124),
(123120,151,'darkinaatrox@gmail.com',123124),
(123121,150,'mehmetkarahanli@hotmail.com',123124),

-- 2 --

(789321,54,'alexandrucicaldau@hotmail.com',125124),
(789879,56,'tatumjayson@hotmail.com',125124),
(200100,253,'damianlillard@gmail.com',125124),
(300044,353,'klaythompson@hotmail.com',125124),
(462100,12,'reggiejackson@hotmail.com',125124),
(440008,14,'tatumjayson@hotmail.com',125124),
(790050,59,'karlanthonytowns@hotmail.com',125124),


-- 3 --

(103123,253,'damianlillard@gmail.com',146124),
(169123,353,'klaythompson@hotmail.com',146124),
(131131,12,'reggiejackson@hotmail.com',146124),
(100126,13,'alexandrucicaldau@hotmail.com',146124),
(123008,14,'tatumjayson@hotmail.com',146124),
(531453,59,'karlanthonytowns@hotmail.com',146124),
(600100,8,'literallyahand@hotmail.com',125124),
(475400,9,'thewitcher@hotmail.com',125124),

-- 4 --

(148023,5,'mkeremhan@hotmail.com',154124),
(163189,6,'busraT@hotmail.com',154124),
(783123,7,'bekirmalik@hotmail.com',154124),
(103100,8,'literallyahand@hotmail.com',154124),
(175600,9,'thewitcher@hotmail.com',154124),
(172423,10,'cjmccolum@hotmail.com',154124),
(177992,11,'goldlion@hotmail.com',154124),
(199990,12,'dancingbanana@hotmail.com',154124),


-- 5 --

(146793,25,'ugurkaya@hotmail.com',147124),
(174733,27,'Ldimitrescu@hotmail.com',147124),
(176443,28,'reggiejackson@hotmail.com',147124),
(163723,29,'ibrahimtatlises@gmail.com',147124),
(140003,35,'burakyilmaz@hotmail.com',147124),
(100003,42,'tatarusanu@hotmail.com',147124),
(147620,43,'bekirmalik@hotmail.com',147124),
(177900,45,'mkeremhan@hotmail.com',147124),


-- 6 --


(456723,null,'neomatrix@hotmail.com',134124),
(432023,null,'kaanozturk@hotmail.com',134124),
(702123,null,'ismailcipe@hotmail.com',134124),
(333567,null,'damianlillard@gmail.com',134124),


-- 7 --

(173123,14,'maviteletabi@hotmail.com',111124),
(183123,12,'reggiejackson@hotmail.com',111124),
(193123,18,'Ldimitrescu@hotmail.com',111124),
(103124,20,'tusinabbasi@hotmail.com',111124),


-- 8 --

(179929,21,'vledaputin@hotmail.com',166124),
(123877,22,'tusinabbasi@hotmail.com',166124),
(103890,25,'bekirmalik@hotmail.com',166124),


-- 9 --

(101111,30,'reggiejackson@hotmail.com',177124),
(122222,35,'tatarusanu@hotmail.com',177124),
(144443,60,'Ldimitrescu@hotmail.com',177124),
(166663,70,'maviteletabi@hotmail.com',177124),


-- 10 --

(903300,20,'Heisenberg@hotmail.com',108124),
(220011,22,'darkinaatrox@gmail.com',108124),
(550060,23,'lichking@hotmail.com',108124),




-- 11 --

(199993,null,'literallyahand@hotmail.com',199124),
(313165,null,'ugurkaya@hotmail.com',199124),
(071445,null,'thewitcher@hotmail.com',199124),
(895310,null,'dancingbanana@hotmail.com',199124),
(531531,null,'brodixon@gmail.com',199124),
(761235,null,'Heisenberg@hotmail.com',199124),
(642510,null,'darkinaatrox@gmail.com',199124),
(812385,null,'lichking@hotmail.com',199124),


-- 12 --


(778877,null,'ugurkaya@hotmail.com',120124),
(999990,null,'Ldimitrescu@hotmail.com',120124),
(223366,null,'darkinaatrox@gmail.com',120124),
(755555,null,'lichking@hotmail.com',120124),
(100405,null,'thewitcher@hotmail.com',120124),



-- 13 --


(000315,25,'tusinabbasi@hotmail.com',156150),
(631405,27,'ugurkaya@hotmail.com',156150),
(053156,35,'maviteletabi@hotmail.com',156150),




-- 14 --


(631413,60,'tatarusanu@hotmail.com',123020),
(783241,65,'dancingbanana@hotmail.com',123020),
(503156,66,'Heisenberg@hotmail.com',123020),
(356931,67,'Ldimitrescu@hotmail.com',123020),
(359130,68,'klaythompson@hotmail.com',123020),



-- 15 --

(603143,70,'busraT@hotmail.com',144001),
(503157,3,'tusinabbasi@hotmail.com',144001),
(141561,25,'burakyilmaz@hotmail.com',144001),
(531590,22,'brodixon@gmail.com',144001),
(503151,15,'tatarusanu@hotmail.com',144001),
(501351,17,'mkeremhan@hotmail.com',144001),
(762135,16,'literallyahand@hotmail.com',144001),
(012431,35,'cjmccolum@hotmail.com',144001),


-- 16 --

(012934,18,'karlanthonytowns@hotmail.com',149039),
(604521,21,'goldlion@hotmail.com',149039),
(315130,24,'tusinabbasi@hotmail.com',149039),
(043412,35,'thewitcher@hotmail.com',149039),
(051356,40,'alexandrucicaldau@hotmail.com',149039),
(053150,41,'vledaputin@hotmail.com',149039),
(100000,42,'bezginmete@hotmail.com',149039),
(200000,43,'mehmetkarahanli@hotmail.com',149039),
(760234,45,'squidgamer@hotmail.com',149039),
(064060,51,'mariobros@hotmail.com',149039),


-- 17 --

(070510,50,'tatarusanu@hotmail.com',190137),
(108030,16,'cjmccolum@hotmail.com',190137),
(180700,12,'karlanthonytowns@hotmail.com',190137);



INSERT INTO Receipt(ReceiptID,ReceiptDate,ReceiptPayment,PurchaserEmail,ReceiptTicketID,ReceiptEventID,OrganizatorCompanyEmail,ReceiptEventName,ReceiptEventPrice,ReceiptEventDate)

      -- 1 --

VALUES(32163544,'2021-12-20',80,'ugurkaya@hotmail.com',031523,123124,'riotgames@hotmail.com','TBF Final','80','2021-12-24'),
	  (67163544,'2021-12-18',80,'damianlillard@gmail.com',351351,123124,'riotgames@hotmail.com','TBF Final','80','2021-12-24'),
      (42163544,'2021-11-24',80,'klaythompson@hotmail.com',413445,123124,'riotgames@hotmail.com','TBF Final','80','2021-12-24'),
      (37900544,'2021-12-20',80,'reggiejackson@hotmail.com',534152,123124,'riotgames@hotmail.com','TBF Final','80','2021-12-24'),
      (10093544,'2021-12-22',80,'alexandrucicaldau@hotmail.com',134134,123124,'riotgames@hotmail.com','TBF Final','80','2021-12-24'),
      (78960544,'2021-12-21',80,'karlanthonytowns@hotmail.com',351531,123124,'riotgames@hotmail.com','TBF Final','80','2021-12-24'),
      (46173744,'2021-11-29',80,'tatumjayson@hotmail.com',351513,123124,'riotgames@hotmail.com','TBF Final','80','2021-12-24'),
      (12888544,'2021-12-20',80,'darkinaatrox@gmail.com',123120,123124,'riotgames@hotmail.com','TBF Final','80','2021-12-24'),
	  (40046654,'2021-12-19',80,'mehmetkarahanli@hotmail.com',531453,123124,'riotgames@hotmail.com','TBF Final','80','2021-12-24');
      
      -- 2 --
   INSERT INTO Receipt(ReceiptID,ReceiptDate,ReceiptPayment,PurchaserEmail,ReceiptTicketID,ReceiptEventID,OrganizatorCompanyEmail,ReceiptEventName,ReceiptEventPrice,ReceiptEventDate)
VALUES(52346654,'2022-01-19',150,'damianlillard@gmail.com',103123,125124,'NBAFaculties@hotmail.com','NBA Istanbul"da!','150','2022-01-21'),
	(50446654,'2022-01-15',150,'klaythompson@hotmail.com',169123,125124,'NBAFaculties@hotmail.com','NBA Istanbul"da!','150','2022-01-21'),
	(56746654,'2022-01-18',150,'reggiejackson@hotmail.com',131131,125124,'NBAFaculties@hotmail.com','NBA Istanbul"da!','150','2022-01-21'),
	(60047894,'2022-01-17',150,'alexandrucicaldau@hotmail.com',100126,125124,'NBAFaculties@hotmail.com','NBA Istanbul"da!','150','2022-01-21'),
	(50946659,'2022-01-16',150,'tatumjayson@hotmail.com',123008,125124,'NBAFaculties@hotmail.com','NBA Istanbul"da!','150','2022-01-21'),
	(79996654,'2022-01-15',150,'karlanthonytowns@hotmail.com',123121,125124,'NBAFaculties@hotmail.com','NBA Istanbul"da!','150','2022-01-21');
      
      -- 3 --
    INSERT INTO Receipt(ReceiptID,ReceiptDate,ReceiptPayment,PurchaserEmail,ReceiptTicketID,ReceiptEventID,OrganizatorCompanyEmail,ReceiptEventName,ReceiptEventPrice,ReceiptEventDate)

VALUES(10000654,'2021-01-15',150,'damianlillard@gmail.com',103123,146124,'NBAFaculties@hotmail.com','NBA Istanbul"da!','150','2021-01-23'),
	(20796654,'2021-01-16',150,'klaythompson@hotmail.com',169123,146124,'NBAFaculties@hotmail.com','NBA Istanbul"da!','150','2021-01-23'),
	(65554004,'2021-01-17',150,'reggiejackson@hotmail.com',131131,146124,'NBAFaculties@hotmail.com','NBA Istanbul"da!','150','2021-01-23'),
	(30040064,'2021-01-18',150,'alexandrucicaldau@hotmail.com',100126,146124,'NBAFaculties@hotmail.com','NBA Istanbul"da!','150','2021-01-23'),
	(21130454,'2021-01-19',150,'tatumjayson@hotmail.com',123008,146124,'NBAFaculties@hotmail.com','NBA Istanbul"da!','150','2021-01-23'),
	(45307694,'2021-01-21',150,'karlanthonytowns@hotmail.com',123121,146124,'NBAFaculties@hotmail.com','NBA Istanbul"da!','150','2021-01-23'),
	(40235664,'2021-01-20',150,'literallyahand@hotmail.com',600100,146124,'NBAFaculties@hotmail.com','NBA Istanbul"da!','150','2021-01-23'),
	(40094664,'2021-01-20',150,'thewitcher@hotmail.com',475400,146124,'NBAFaculties@hotmail.com','NBA Istanbul"da!','150','2021-01-23');
      
      -- 4 --
     INSERT INTO Receipt(ReceiptID,ReceiptDate,ReceiptPayment,PurchaserEmail,ReceiptTicketID,ReceiptEventID,OrganizatorCompanyEmail,ReceiptEventName,ReceiptEventPrice,ReceiptEventDate)

VALUES(53157122,'2021-12-17',50,'mkeremhan@hotmail.com',148023,154124,'twitchHQ@hotmail.com','Streamer Bulusmasi','50','2022-01-05'),
	(76413200,'2021-12-20',50,'busraT@hotmail.com',163189,154124,'twitchHQ@hotmail.com','Streamer Bulusmasi','50','2022-01-05'),
	(51237326,'2021-12-17',50,'bekirmalik@hotmail.com',783123,154124,'twitchHQ@hotmail.com','Streamer Bulusmasi','50','2022-01-05'),
	(55523123,'2021-12-21',50,'literallyahand@hotmail.com',103100,154124,'twitchHQ@hotmail.com','Streamer Bulusmasi','50','2022-01-05'),
	(77314653,'2021-12-22',50,'thewitcher@hotmail.com',175600,154124,'twitchHQ@hotmail.com','Streamer Bulusmasi','50','2022-01-05'),
	(12312466,'2021-01-01',50,'cjmccolum@hotmail.com',172423,154124,'twitchHQ@hotmail.com','Streamer Bulusmasi','50','2022-01-05'),
	(12365633,'2021-01-02',50,'goldlion@hotmail.com',177992,154124,'twitchHQ@hotmail.com','Streamer Bulusmasi','50','2022-01-05'),
	(74216664,'2021-01-03',50,'dancingbanana@hotmail.com',199990,154124,'twitchHQ@hotmail.com','Streamer Bulusmasi','50','2022-01-05');
      

	-- 5 --
    INSERT INTO Receipt(ReceiptID,ReceiptDate,ReceiptPayment,PurchaserEmail,ReceiptTicketID,ReceiptEventID,OrganizatorCompanyEmail,ReceiptEventName,ReceiptEventPrice,ReceiptEventDate)

VALUES(60421300,'2021-12-25',250,'ugurkaya@hotmail.com',146793,147124,'RedbullEnterprises@hotmail.com','Gosteri Yarisi','250','2021-02-19'),
	(70640502,'2021-12-27',250,'Ldimitrescu@hotmail.com',174733,147124,'RedbullEnterprises@hotmail.com','Gosteri Yarisi','250','2021-02-19'),
	(70315859,'2021-01-20',250,'reggiejackson@hotmail.com',176443,147124,'RedbullEnterprises@hotmail.com','Gosteri Yarisi','250','2021-02-19'),
	(12900065,'2021-01-22',250,'ibrahimtatlises@gmail.com',163723,147124,'RedbullEnterprises@hotmail.com','Gosteri Yarisi','250','2021-02-19'),
	(53106032,'2021-01-25',250,'burakyilmaz@hotmail.com',140003,147124,'RedbullEnterprises@hotmail.com','Gosteri Yarisi','250','2021-02-19'),
	(15315000,'2021-02-03',250,'tatarusanu@hotmail.com',100003,147124,'RedbullEnterprises@hotmail.com','Gosteri Yarisi','250','2021-02-19'),
	(35050535,'2021-02-04',250,'bekirmalik@hotmail.com',147620,147124,'RedbullEnterprises@hotmail.com','Gosteri Yarisi','250','2021-02-19'),
	(63141032,'2021-02-15',250,'mkeremhan@hotmail.com',177900,147124,'RedbullEnterprises@hotmail.com','Gosteri Yarisi','250','2021-02-19');
      
      -- 6 --
   INSERT INTO Receipt(ReceiptID,ReceiptDate,ReceiptPayment,PurchaserEmail,ReceiptTicketID,ReceiptEventID,OrganizatorCompanyEmail,ReceiptEventName,ReceiptEventPrice,ReceiptEventDate)

VALUES(73510053,'2022-03-12',40,'neomatrix@hotmail.com',456723,134124,'RedbullEnterprises@hotmail.com','Drone Yarisi Turnuvasi','40','2022-05-15'),
	(30550123,'2022-03-15',40,'kaanozturk@hotmail.com',432023,134124,'RedbullEnterprises@hotmail.com','Drone Yarisi Turnuvasi','40','2022-05-15'),
	(54305100,'2022-04-26',40,'ismailcipe@hotmail.com',702123,134124,'RedbullEnterprises@hotmail.com','Drone Yarisi Turnuvasi','40','2022-05-15'),
	(76102304,'2022-04-27',40,'damianlillard@gmail.com',333567,134124,'RedbullEnterprises@hotmail.com','Drone Yarisi Turnuvasi','40','2022-05-15');
      
      -- 7 --
    INSERT INTO Receipt(ReceiptID,ReceiptDate,ReceiptPayment,PurchaserEmail,ReceiptTicketID,ReceiptEventID,OrganizatorCompanyEmail,ReceiptEventName,ReceiptEventPrice,ReceiptEventDate)

VALUES(00531003,'2022-02-20',280,'maviteletabi@hotmail.com',173123,111124,'WWEEnterprises@gmail.com','WWE Turkiye Undertaker vs Rey Mysterio','280','2022-03-04'),
	(60450301,'2022-02-22',280,'reggiejackson@hotmail.com',183123,111124,'WWEEnterprises@gmail.com','WWE Turkiye Undertaker vs Rey Mysterio','280','2022-03-04'),
	(53315001,'2022-03-01',280,'Ldimitrescu@hotmail.com',193123,111124,'WWEEnterprises@gmail.com','WWE Turkiye Undertaker vs Rey Mysterio','280','2022-03-04'),
	(53315002,'2022-03-01',280,'tusinabbasi@hotmail.com',103124,111124,'WWEEnterprises@gmail.com','WWE Turkiye Undertaker vs Rey Mysterio','280','2022-03-04');
      
     -- 8 --
 INSERT INTO Receipt(ReceiptID,ReceiptDate,ReceiptPayment,PurchaserEmail,ReceiptTicketID,ReceiptEventID,OrganizatorCompanyEmail,ReceiptEventName,ReceiptEventPrice,ReceiptEventDate)

VALUES(59310595,'2021-12-20',40,'vledaputin@hotmail.com',179929,166124,'KulturIstanbul@hotmail.com','Delibo Tiyatro','40','2021-12-28'),
	(53151362,'2021-12-20',40,'tusinabbasi@hotmail.com',123877,166124,'KulturIstanbul@hotmail.com','Delibo Tiyatro','40','2021-12-28'),
	(51367721,'2021-12-22',40,'bekirmalik@hotmail.com',103890,166124,'KulturIstanbul@hotmail.com','Delibo Tiyatro','40','2021-12-28');


	-- 9 --
   INSERT INTO Receipt(ReceiptID,ReceiptDate,ReceiptPayment,PurchaserEmail,ReceiptTicketID,ReceiptEventID,OrganizatorCompanyEmail,ReceiptEventName,ReceiptEventPrice,ReceiptEventDate)

VALUES(63123500,'2021-01-03',50,'reggiejackson@hotmail.com',101111,177124,'KulturIstanbul@hotmail.com','Romeo ve Juliet','50','2021-01-05'),
	(54200042,'2021-01-02',50,'tatarusanu@hotmail.com',122222,177124,'KulturIstanbul@hotmail.com','Romeo ve Juliet','50','2021-01-05'),
	(57502102,'2021-01-01',50,'Ldimitrescu@hotmail.com',144443,177124,'KulturIstanbul@hotmail.com','Romeo ve Juliet','50','2021-01-05'),
	(58921999,'2021-01-01',50,'maviteletabi@hotmail.com',166663,177124,'KulturIstanbul@hotmail.com','Romeo ve Juliet','50','2021-01-05');

   -- 10 --
 INSERT INTO Receipt(ReceiptID,ReceiptDate,ReceiptPayment,PurchaserEmail,ReceiptTicketID,ReceiptEventID,OrganizatorCompanyEmail,ReceiptEventName,ReceiptEventPrice,ReceiptEventDate)

VALUES(50310500,'2021-12-05',20,'Heisenberg@hotmail.com',903300,108124,'KulturIstanbul@hotmail.com','Rapunzel ve Beyazatli Prens','20','2021-12-29'),
    (92000032,'2021-12-10',20,'darkinaatrox@gmail.com',220011,108124,'KulturIstanbul@hotmail.com','Rapunzel ve Beyazatli Prens','20','2021-12-29'),
    (97011110,'2021-12-13',20,'lichking@hotmail.com',550060,108124,'KulturIstanbul@hotmail.com','Rapunzel ve Beyazatli Prens','20','2021-12-29');



   -- 11 --
  INSERT INTO Receipt(ReceiptID,ReceiptDate,ReceiptPayment,PurchaserEmail,ReceiptTicketID,ReceiptEventID,OrganizatorCompanyEmail,ReceiptEventName,ReceiptEventPrice,ReceiptEventDate)

VALUES(75444420,'2021-05-07',480,'literallyahand@hotmail.com',199993,199124,'RockNCoke@hotmail.com','Metallica','480','2021-06-12'),
   (40350310,'2021-05-16',480,'ugurkaya@hotmail.com',313165,199124,'RockNCoke@hotmail.com','Metallica','480','2021-06-12'),
   (24321125,'2021-05-20',480,'thewitcher@hotmail.com',071445,199124,'RockNCoke@hotmail.com','Metallica','480','2021-06-12'),
   (20520520,'2021-05-25',480,'dancingbanana@hotmail.com',895310,199124,'RockNCoke@hotmail.com','Metallica','480','2021-06-12'),
   (23254125,'2021-06-02',480,'brodixon@gmail.com',531531,199124,'RockNCoke@hotmail.com','Metallica','480','2021-06-12'),
   (21312051,'2021-06-01',480,'Heisenberg@hotmail.com',761235,199124,'RockNCoke@hotmail.com','Metallica','480','2021-06-12'),
   (53105130,'2021-06-03',480,'darkinaatrox@gmail.com',642510,199124,'RockNCoke@hotmail.com','Metallica','480','2021-06-12'),
   (70512051,'2021-06-03',480,'lichking@hotmail.com',812385,199124,'RockNCoke@hotmail.com','Metallica','480','2021-06-12');
  
  
  -- 12 --
INSERT INTO Receipt(ReceiptID,ReceiptDate,ReceiptPayment,PurchaserEmail,ReceiptTicketID,ReceiptEventID,OrganizatorCompanyEmail,ReceiptEventName,ReceiptEventPrice,ReceiptEventDate)

VALUES(75100420,'2021-06-12',180,'ugurkaya@hotmail.com',778877,120124,'RockNCoke@hotmail.com','Orden Ogan','180','2021-07-22'),
  (65120420,'2021-06-22',180,'Ldimitrescu@hotmail.com',999990,120124,'RockNCoke@hotmail.com','Orden Ogan','180','2021-07-22'),
  (55200210,'2021-06-25',180,'darkinaatrox@gmail.com',223366,120124,'RockNCoke@hotmail.com','Orden Ogan','180','2021-07-22'),
  (54050420,'2021-07-11',180,'lichking@hotmail.com',755555,120124,'RockNCoke@hotmail.com','Orden Ogan','180','2021-07-22'),
  (65120321,'2021-07-13',180,'thewitcher@hotmail.com',100405,120124,'RockNCoke@hotmail.com','Orden Ogan','180','2021-07-22');
  
  -- 13 --
 INSERT INTO Receipt(ReceiptID,ReceiptDate,ReceiptPayment,PurchaserEmail,ReceiptTicketID,ReceiptEventID,OrganizatorCompanyEmail,ReceiptEventName,ReceiptEventPrice,ReceiptEventDate)

VALUES(45310204,'2022-04-09',380,'tusinabbasi@hotmail.com',000315,156150,'PSMLovesSummer@gmail.com','Arctic Monkeys','380','2022-05-03'),
  (47056031,'2022-05-01',380,'ugurkaya@hotmail.com',631405,156150,'PSMLovesSummer@gmail.com','Arctic Monkeys','380','2022-05-03'),
  (45060606,'2022-05-02',380,'maviteletabi@hotmail.com',053156,156150,'PSMLovesSummer@gmail.com','Arctic Monkeys','380','2022-05-03');


  -- 14 --
 INSERT INTO Receipt(ReceiptID,ReceiptDate,ReceiptPayment,PurchaserEmail,ReceiptTicketID,ReceiptEventID,OrganizatorCompanyEmail,ReceiptEventName,ReceiptEventPrice,ReceiptEventDate)

VALUES(13251300,'2021-06-12',150,'tatarusanu@hotmail.com',631413,123020,'PSMLovesSummer@gmail.com','Ebru Gundes Konseri','150','2021-04-27'),
 (15105123,'2021-06-12',150,'dancingbanana@hotmail.com',783241,123020,'PSMLovesSummer@gmail.com','Ebru Gundes Konseri','150','2021-04-27'),
 (63140053,'2021-06-12',150,'Heisenberg@hotmail.com',503156,123020,'PSMLovesSummer@gmail.com','Ebru Gundes Konseri','150','2021-04-27'),
 (76311005,'2021-06-12',150,'Ldimitrescu@hotmail.com',356931,123020,'PSMLovesSummer@gmail.com','Ebru Gundes Konseri','150','2021-04-27'),
 (95210200,'2021-06-12',150,'klaythompson@hotmail.com',359130,123020,'PSMLovesSummer@gmail.com','Ebru Gundes Konseri','150','2021-04-27');
 
 
 -- 15 --
INSERT INTO Receipt(ReceiptID,ReceiptDate,ReceiptPayment,PurchaserEmail,ReceiptTicketID,ReceiptEventID,OrganizatorCompanyEmail,ReceiptEventName,ReceiptEventPrice,ReceiptEventDate)

VALUES(03140052,'2022-01-05',35,'busraT@hotmail.com',603143,144001,'TurkiyeTiyatrolar@hotmail.com','Midas"in Altinlari','35','2022-02-01'),
 (06400021,'2022-01-06',35,'tusinabbasi@hotmail.com',503157,144001,'TurkiyeTiyatrolar@hotmail.com','Midas"in Altinlari','35','2022-02-01'),
 (51300500,'2022-01-06',35,'burakyilmaz@hotmail.com',141561,144001,'TurkiyeTiyatrolar@hotmail.com','Midas"in Altinlari','35','2022-02-01'),
 (05130512,'2022-01-06',35,'brodixon@gmail.com',531590,144001,'TurkiyeTiyatrolar@hotmail.com','Midas"in Altinlari','35','2022-02-01'),
 (64515100,'2022-01-15',35,'tatarusanu@hotmail.com',503151,144001,'TurkiyeTiyatrolar@hotmail.com','Midas"in Altinlari','35','2022-02-01'),
 (05305301,'2022-01-17',35,'mkeremhan@hotmail.com',501351,144001,'TurkiyeTiyatrolar@hotmail.com','Midas"in Altinlari','35','2022-02-01'),
 (00005135,'2022-01-18',35,'literallyahand@hotmail.com',762135,144001,'TurkiyeTiyatrolar@hotmail.com','Midas"in Altinlari','35','2022-02-01'),
 (05130513,'2022-01-19',35,'cjmccolum@hotmail.com',012431,144001,'TurkiyeTiyatrolar@hotmail.com','Midas"in Altinlari','35','2022-02-01');


-- 16 --

INSERT INTO Receipt(ReceiptID,ReceiptDate,ReceiptPayment,PurchaserEmail,ReceiptTicketID,ReceiptEventID,OrganizatorCompanyEmail,ReceiptEventName,ReceiptEventPrice,ReceiptEventDate)

VALUES(60310610,'2021-01-05',50,'karlanthonytowns@hotmail.com',012934,149039,'TurkiyeTiyatrolar@hotmail.com','Bir Baba Hamlet','50','2022-01-17'),
(66666666,'2021-01-05',50,'goldlion@hotmail.com',604521,149039,'TurkiyeTiyatrolar@hotmail.com','Bir Baba Hamlet','50','2022-01-17'),
(99999999,'2021-01-06',50,'tusinabbasi@hotmail.com',315130,149039,'TurkiyeTiyatrolar@hotmail.com','Bir Baba Hamlet','50','2022-01-17'),
(00000100,'2021-01-06',50,'thewitcher@hotmail.com',043412,149039,'TurkiyeTiyatrolar@hotmail.com','Bir Baba Hamlet','50','2022-01-17'),
(06000601,'2021-01-07',50,'alexandrucicaldau@hotmail.com',051356,149039,'TurkiyeTiyatrolar@hotmail.com','Bir Baba Hamlet','50','2022-01-17'),
(00531005,'2021-01-07',50,'vledaputin@hotmail.com',053150,149039,'TurkiyeTiyatrolar@hotmail.com','Bir Baba Hamlet','50','2022-01-17'),
(70401020,'2021-01-12',50,'bezginmete@hotmail.com',100000,149039,'TurkiyeTiyatrolar@hotmail.com','Bir Baba Hamlet','50','2022-01-17'),
(42002205,'2021-01-13',50,'mehmetkarahanli@hotmail.com',200000,149039,'TurkiyeTiyatrolar@hotmail.com','Bir Baba Hamlet','50','2022-01-17'),
(53015100,'2021-01-13',50,'squidgamer@hotmail.com',760234,149039,'TurkiyeTiyatrolar@hotmail.com','Bir Baba Hamlet','50','2022-01-17'),
(60003103,'2021-01-14',50,'mariobros@hotmail.com',064060,149039,'TurkiyeTiyatrolar@hotmail.com','Bir Baba Hamlet','50','2022-01-17');


-- 17 --

INSERT INTO Receipt(ReceiptID,ReceiptDate,ReceiptPayment,PurchaserEmail,ReceiptTicketID,ReceiptEventID,OrganizatorCompanyEmail,ReceiptEventName,ReceiptEventPrice,ReceiptEventDate)

VALUES(00500500,'2021-01-01',20,'tatarusanu@hotmail.com',070510,190137,'FikralarlaTurkiye@hotmail.com','Medyum','20','2022-01-03'),
(00900600,'2021-01-01',20,'cjmccolum@hotmail.com',108030,190137,'FikralarlaTurkiye@hotmail.com','Medyum','20','2022-01-03'),
(04616400,'2021-01-02',20,'karlanthonytowns@hotmail.com',180700,190137,'FikralarlaTurkiye@hotmail.com','Medyum','20','2022-01-03');



SELECT * FROM LoginType;
SELECT * FROM User;
SELECT * FROM Company;
SELECT * FROM Event;
SELECT * FROM Ticket;
SELECT * FROM Receipt;